{"type":"FeatureCollection","features":[{"type":"Feature","geometry":{"type":"Polygon","coordinates":[[[148.16309357311,-8.93245324392195],[148.317340999787,-8.96009599973058],[148.347384516482,-8.9654801373983],[148.354782748825,-8.96680597101869],[148.364962247909,-8.968630226004],[148.382505065856,-8.97177403284525],[148.408715000197,-8.97647099943692],[148.411267999219,-8.97849799938303],[148.413497999533,-8.98347100028639],[148.412772000228,-8.9839980003074],[148.4138830002,-8.9897350004698],[148.413575999533,-8.99109999956528],[148.416167999454,-8.99233400071353],[148.417811000577,-8.9965889999823],[148.416222000145,-8.99900299978857],[148.41568300047,-9.00246399931394],[148.414087999761,-9.00459599960562],[148.411208000049,-9.00998100062264],[148.412637999444,-9.01480600009671],[148.412454999998,-9.01656300018225],[148.414479999852,-9.01792500003859],[148.414166999807,-9.03031200019859],[148.417882000254,-9.02874800002006],[148.424145999538,-9.02904300013428],[148.428583999152,-9.03130499922623],[148.431666999233,-9.03173600021614],[148.435159000188,-9.03486899990429],[148.440126999961,-9.03785299991598],[148.441460999426,-9.04079099960484],[148.444454999899,-9.04254799969039],[148.446286999845,-9.04527199940327],[148.451511999779,-9.04943599987133],[148.453662000001,-9.05350799969438],[148.451597000102,-9.06639000019828],[148.456042000039,-9.07345599959462],[148.462501000221,-9.07273099943603],[148.477631000071,-9.08359400036273],[148.487754000147,-9.09701699973466],[148.494219999753,-9.10979800007756],[148.500209999892,-9.1240039995849],[148.503344000525,-9.12872899984343],[148.509090000203,-9.1388000002197],[148.513165000165,-9.14277800020448],[148.514114999907,-9.14234500002169],[148.516762999713,-9.14467900063533],[148.52255599976,-9.14598499970789],[148.528004000085,-9.14866299999734],[148.532076999954,-9.15258500009764],[148.537262000741,-9.15584000001587],[148.541831999247,-9.15934599981802],[148.544963999789,-9.16245400015191],[148.547166999757,-9.16355899984781],[148.549463000417,-9.16709600018015],[148.5521169996,-9.17107200007269],[148.555283999957,-9.17508499987281],[148.559016000288,-9.17454500015157],[148.577861999732,-9.19154899918688],[148.642958999758,-9.18819600014519],[148.646051000254,-9.18428200041393],[148.647444999787,-9.17760100078545],[148.649624999594,-9.17661100009748],[148.648603000129,-9.1721759997226],[148.649285000103,-9.17067700074291],[148.648242000568,-9.1686780002894],[148.652045000577,-9.16252799996716],[148.652723000366,-9.15496900031905],[148.650379999337,-9.15466199965154],[148.649369999526,-9.1520390000997],[148.649240999872,-9.14864499916736],[148.65124400051,-9.14749199995579],[148.652794000043,-9.14341100061712],[148.651009999612,-9.14285700025027],[148.648917999366,-9.13721600001828],[148.647739000754,-9.13760199983227],[148.647788000316,-9.13589999958522],[148.646638000344,-9.13407600000728],[148.647982000269,-9.13056900015915],[148.646492999952,-9.1302860005984],[148.646824999974,-9.12557200084712],[148.646624999744,-9.12331400014097],[148.6480909999,-9.12297499979639],[148.639990999585,-9.11637700039807],[148.642863999874,-9.11564400076998],[148.64265199999,-9.1145750000361],[148.638176000422,-9.1120289995386],[148.635976000592,-9.1095079992947],[148.638700000305,-9.10787400038475],[148.638589999729,-9.10498899954252],[148.636939000035,-9.10641199951414],[148.63438199993,-9.10498100007306],[148.634515999814,-9.10701499944265],[148.630579999967,-9.10818600038357],[148.631694000078,-9.10457500023601],[148.631897999593,-9.10247099943701],[148.634595000759,-9.10163100027035],[148.63501300025,-9.1006520000896],[148.632631000121,-9.09932800018703],[148.632868999405,-9.09512699981116],[148.635396999972,-9.09729600001038],[148.637167999803,-9.09603800045329],[148.639081999934,-9.09403899999967],[148.637018000081,-9.09060599996691],[148.637585001047,-9.08759499871013],[148.6012096,-9.074012],[148.5510069,-9.0266067],[148.5235854,-8.9223799],[148.4747875,-8.8530129],[148.484875,-8.7722564],[148.4480984,-8.7105412],[148.4227236,-8.6602183],[148.3791543,-8.6382188],[148.2962267,-8.6015403],[148.2453633,-8.5823593],[148.2272007,-8.5280799],[148.2322896,-8.4541431],[148.2093209,-8.3926351],[148.2138566,-8.3194979],[148.1551438,-8.1976129],[148.155752325758,-8.0759375146721],[148.133146999734,-8.09440299989837],[148.070833000343,-8.10416699960723],[148.070833000343,-8.45000000009987],[148.191667000432,-8.58333300011778],[148.332597000052,-8.66517799996462],[148.332798000328,-8.66746900039402],[148.332772000028,-8.67495700036518],[148.332040000446,-8.67855299982102],[148.330011000407,-8.68113900036446],[148.325670999917,-8.68486699961215],[148.323930999716,-8.68672900004327],[148.321609999702,-8.69060900000528],[148.320585000098,-8.69478400008143],[148.319103000103,-8.70600999976159],[148.318080999738,-8.71075900022766],[148.315178999911,-8.7156459998629],[148.313427000056,-8.72053400044365],[148.308651000144,-8.72512299982645],[148.306044999577,-8.72712799965735],[148.30373500007,-8.7281289999533],[148.292329000183,-8.73024400036031],[148.285534999841,-8.73425199992977],[148.282211000337,-8.73596799992316],[148.27556899981,-8.73795599986943],[148.264580000267,-8.74367600014723],[148.256058000277,-8.74679800022745],[148.251718999832,-8.74866399994353],[148.247227999573,-8.75276600025058],[148.241784000332,-8.75164599986294],[148.24146500001,-8.75164699990904],[148.238588000436,-8.74961899991684],[148.236858999843,-8.74961299964014],[148.235845999893,-8.750329000283],[148.230617999821,-8.75777700020832],[148.232372999814,-8.76665000019732],[148.220330000229,-8.77056900015918],[148.219025000304,-8.77142900024815],[148.217721999571,-8.77286299982746],[148.217606999664,-8.77815200001475],[148.224461000075,-8.78354899978648],[148.229507999894,-8.78616299982247],[148.229201000126,-8.79019100031428],[148.229616000378,-8.79465600027409],[148.230430000144,-8.79856299968264],[148.241667000332,-8.83750000022473],[148.163487999572,-8.93057800007456],[148.16309357311,-8.93245324392195]]]},"properties":{"FID":29,"District":"POPONDETTA","Province":"ORO"},"id":29},{"type":"Feature","geometry":{"type":"Polygon","coordinates":[[[147.001082999981,-7.99856200033599],[147.380185000437,-8.3691260000648],[147.46351699961,-8.34023799978383],[147.65934800031,-8.54023500014511],[147.434703000043,-8.73434599976805],[147.438661000005,-8.73393199956207],[147.440356999976,-8.73352100039381],[147.442278999576,-8.73321199963403],[147.443636000101,-8.73290299977356],[147.444879999912,-8.73279900037354],[147.445444999887,-8.73269700016636],[147.44672200032,-8.73254500035143],[147.447953999578,-8.73252899961359],[147.449234000149,-8.73227499959153],[147.45065700012,-8.73344000025577],[147.451873000439,-8.73463799974384],[147.457661000255,-8.73411499990727],[147.459131999742,-8.73472700025081],[147.461507999595,-8.73543999985606],[147.462669000074,-8.73640899957565],[147.464173000184,-8.7374469997792],[147.465243000064,-8.73809600003035],[147.466044000131,-8.73818100035282],[147.466875999828,-8.73883599998136],[147.47122599988,-8.74016099993015],[147.472597000151,-8.74003100023042],[147.474519999798,-8.74013100034534],[147.475513999771,-8.73851300037462],[147.477447999925,-8.74206000026874],[147.477991999831,-8.74293800028846],[147.477805000201,-8.74462900002829],[147.478216000268,-8.74563599970157],[147.478439999806,-8.74648200004425],[147.479159999734,-8.74804500017655],[147.480310999753,-8.74869899975898],[147.480087000215,-8.7493380004483],[147.475625000394,-8.74940299984854],[147.473130000449,-8.74956099994019],[147.472393999783,-8.75080599979703],[147.471354000387,-8.75134899965656],[147.470953999927,-8.75272300006635],[147.469403000348,-8.75300899976548],[147.468203999915,-8.75477100008152],[147.467527000171,-8.75600000009991],[147.467189999919,-8.75774000030072],[147.465950000292,-8.76081099982776],[147.463918000116,-8.76367899988589],[147.461660000309,-8.76695599991938],[147.460530000359,-8.768491999706],[147.459852999716,-8.76931099970285],[147.458950000342,-8.77074500018159],[147.458271999653,-8.77166700043171],[147.457262999888,-8.77265900031257],[147.456623000051,-8.7754189998869],[147.456302999684,-8.77722400038726],[147.456143000399,-8.78081599965862],[147.457022999612,-8.78231599958366],[147.456941000327,-8.78389400040778],[147.456669000374,-8.78491499982733],[147.456687000305,-8.78576300026219],[147.456431000191,-8.7867210003738],[147.458350999699,-8.7876789995861],[147.459853999762,-8.78909900031858],[147.461122999827,-8.79049099975981],[147.462669000074,-8.79195699991557],[147.463821000139,-8.79277099968187],[147.466588000036,-8.79376000032369],[147.469272999749,-8.79549500029396],[147.470294000068,-8.79713100019545],[147.471834000039,-8.79869300028168],[147.472954000427,-8.80146999974068],[147.474569000259,-8.80351300042456],[147.475739000255,-8.80372800044682],[147.477515000317,-8.80517399968028],[147.478059000223,-8.80646699995202],[147.479032000127,-8.80764799955551],[147.480150999569,-8.80882900005827],[147.483253999672,-8.81040900007525],[147.48507800015,-8.81206900018418],[147.486677000143,-8.81253199995178],[147.488261000345,-8.8127239998127],[147.489876000177,-8.81340999997151],[147.490420000083,-8.81428799999117],[147.491698999709,-8.81531000035619],[147.497456999941,-8.81831000020629],[147.498896999797,-8.8202899997836],[147.500687999652,-8.82249299975212],[147.500530999606,-8.82420699965325],[147.499287999841,-8.82502799974236],[147.497481000148,-8.8268720002426],[147.498841999958,-8.8301440000455],[147.501221999995,-8.83280200031203],[147.501792000201,-8.83441600009826],[147.502543999806,-8.83717799976483],[147.502224000337,-8.83912499961899],[147.502240000176,-8.84235700027529],[147.502655999575,-8.84329100017948],[147.503663000147,-8.84469600022021],[147.505247000349,-8.84709100004954],[147.506030999631,-8.84940399969481],[147.507069999881,-8.85079299989697],[147.509622999802,-8.85499400027284],[147.511215000372,-8.86061999981308],[147.512331999722,-8.86367500040093],[147.512963000043,-8.86509800037237],[147.513868000408,-8.86713800001866],[147.51434800006,-8.86994800010007],[147.515898999639,-8.87195900020766],[147.517582999955,-8.87726700037172],[147.522012000054,-8.88200000009987],[147.526153000361,-8.8857029999934],[147.528359999614,-8.88844799977534],[147.530623999698,-8.89102399985767],[147.533427000356,-8.89261300028966],[147.537345000272,-8.89501400039573],[147.540623000351,-8.89619399995309],[147.544433999829,-8.89852000019779],[147.548658000366,-8.90247800015953],[147.549315000087,-8.90418000040666],[147.549792999647,-8.90461699987458],[147.550400999806,-8.90594299986951],[147.552144000146,-8.90611899989188],[147.559325000349,-8.90541599984848],[147.562011000108,-8.90475399989715],[147.564552000375,-8.9067500002123],[147.565620000163,-8.90830399992963],[147.562798000427,-8.90886899990438],[147.557105999642,-8.91964899970153],[147.554503000113,-8.92261499978235],[147.551317999826,-8.9285449998518],[147.551565999571,-8.93017400032983],[147.551161999826,-8.93372899969352],[147.551211000287,-8.9358969998466],[147.551910000146,-8.94157900017071],[147.553743000139,-8.94873300002785],[147.555263000087,-8.94985399956239],[147.557657999917,-8.95075399969728],[147.560221000299,-8.95339800021748],[147.56324400031,-8.95646300036715],[147.565450999564,-8.95814899987643],[147.568954000127,-8.96177699990858],[147.572632999813,-8.96208100043777],[147.57590399957,-8.96037800014455],[147.579822000385,-8.96029900009871],[147.587244000011,-8.96174400018544],[147.589946999654,-8.96122100034883],[147.591665999786,-8.96099599986549],[147.59297399985,-8.95921699966477],[147.595099999865,-8.95691699971974],[147.598045999923,-8.95550500025554],[147.60058700019,-8.95638999969866],[147.601166999957,-8.96016600026065],[147.609667999878,-8.96036400039827],[147.613042999935,-8.96154500000171],[147.616243000014,-8.96288199960458],[147.619439999956,-8.96450599985195],[147.621047000319,-8.96629599966058],[147.6239740004,-8.96624800014507],[147.627653000086,-8.96503499996522],[147.629363999849,-8.96511500005716],[147.631250999634,-8.96541799964092],[147.633940999578,-8.96633299956824],[147.636071999823,-8.9666990002586],[147.637956000369,-8.96676999993549],[147.639265999626,-8.96647199968298],[147.642541999614,-8.96631799977581],[147.642958999958,-8.97078099964336],[147.642815999659,-8.97515499990329],[147.642768000143,-8.98072599960518],[147.643894999954,-8.98412499986881],[147.645558000202,-8.98595999995399],[147.647340999687,-8.98850000017484],[147.650391000045,-8.9891060002417],[147.653365999641,-8.9905260000748],[147.654571000351,-8.99300099999614],[147.656570999952,-8.99515600044901],[147.658376999599,-8.99724699974917],[147.659496999987,-8.99964100043178],[147.661526000025,-9.00109399998809],[147.66283900032,-9.00227599963763],[147.665137000173,-9.0047899995588],[147.666206000007,-9.00656599962117],[147.667684999863,-9.00900699977319],[147.669036000111,-9.0106819996745],[147.669820000293,-9.01211400006099],[147.670969000219,-9.01322299994144],[147.671792000401,-9.01536899997933],[147.67212200033,-9.01618299974559],[147.672614999683,-9.0171450000417],[147.672862000281,-9.01795899980795],[147.673026999796,-9.01847700031329],[147.672946999704,-9.01973699996251],[147.673934000254,-9.02151199997878],[147.674918999812,-9.02291800006561],[147.675576999579,-9.0239530001308],[147.679875999978,-9.02457700012844],[147.680996000365,-9.02530999975664],[147.682096999877,-9.02648900016722],[147.682055999785,-9.02771900023163],[147.680296999607,-9.02881400036581],[147.681079999742,-9.03179400019292],[147.685090000303,-9.03402699974618],[147.68696100025,-9.03452200009019],[147.689422999572,-9.03477400002004],[147.691708999771,-9.03550200031702],[147.693436000271,-9.03644399969078],[147.69487800022,-9.03696000010388],[147.69747799961,-9.03850300021327],[147.698873000089,-9.03968499986281],[147.700022000015,-9.04094200027304],[147.700635999552,-9.04184499964697],[147.700588000036,-9.04363300026272],[147.700360000314,-9.04612600011479],[147.70053000006,-9.04916199982638],[147.700288999738,-9.05160600011675],[147.700142000153,-9.05382299983154],[147.699758000431,-9.05612199973046],[147.699276999834,-9.05843000004444],[147.698995000319,-9.06056999980559],[147.700556000359,-9.06264099998213],[147.702362000006,-9.06434100013702],[147.704859000043,-9.0648150004119],[147.707745000032,-9.06655299962119],[147.708671999613,-9.06789500035392],[147.709177000418,-9.07166000040866],[147.709510999633,-9.07521399972627],[147.710099999815,-9.07955700035525],[147.711660999855,-9.08192399979271],[147.713377999895,-9.08305699988056],[147.714704999936,-9.08535799987174],[147.712632999713,-9.08826900011423],[147.713390999595,-9.08994500006167],[147.714645999913,-9.09129500026399],[147.715398000417,-9.09202999998445],[147.721124000073,-9.09472700025083],[147.724915000427,-9.09608399987668],[147.727314000441,-9.09723299980305],[147.728562000436,-9.09828699984513],[147.729282000364,-9.10036200020607],[147.730433000383,-9.10216599976105],[147.731777000308,-9.10356999975562],[147.735072000273,-9.10486300002738],[147.736382999576,-9.10602899983843],[147.736747000174,-9.10967299970912],[147.737898000193,-9.11382300043108],[147.739177999865,-9.11862899992837],[147.739674000255,-9.12055299962116],[147.740326999791,-9.12280900023512],[147.741895000154,-9.12434099983721],[147.742798999574,-9.12573100008551],[147.742557000106,-9.12765699987063],[147.742232000407,-9.1292870003947],[147.741910999993,-9.13232400015243],[147.74158700034,-9.13439899961413],[147.740937000043,-9.13706600029565],[147.740043000184,-9.14054899993636],[147.73963900044,-9.14306800008807],[147.740862000181,-9.14390600006181],[147.740541999814,-9.14567799993974],[147.740750000412,-9.1473380000486],[147.743789000262,-9.15624499980687],[147.744108999731,-9.15844799977532],[147.744673999705,-9.1606840003663],[147.745333999565,-9.16253400024384],[147.746486999675,-9.16542000023275],[147.748622000105,-9.1674149996025],[147.752074000115,-9.16853600003634],[147.753385000318,-9.16899899980394],[147.756001999593,-9.16954799994024],[147.757396000025,-9.16961899961712],[147.762393000237,-9.16864499966698],[147.764032000277,-9.16864200042796],[147.765836999878,-9.16960099968634],[147.767889000077,-9.17092999981959],[147.770759000228,-9.17188599983899],[147.772727000151,-9.17217799981478],[147.774201999822,-9.17217499967644],[147.777359999764,-9.17171299995493],[147.784356999576,-9.16882099968934],[147.786982000119,-9.17007399991514],[147.789117999696,-9.17221699981463],[147.790087000315,-9.16554999993252],[147.791392000241,-9.16302899968854],[147.793919999908,-9.15717300033367],[147.794820000043,-9.15665199968998],[147.798180000307,-9.15649699973671],[147.80157400034,-9.15707000008041],[147.804261000145,-9.15724500005668],[147.809540999917,-9.15538399967181],[147.813664000293,-9.15453700018235],[147.814811000128,-9.15438600041353],[147.814894000358,-9.15497799983478],[147.814814000266,-9.15557100020147],[147.814755000243,-9.15599099978477],[147.813659000063,-9.15794800010008],[147.81369099974,-9.15986300027719],[147.815318000126,-9.16097600034208],[147.816547000144,-9.16104700001898],[147.818113999562,-9.16063599995141],[147.819317000179,-9.16063599995141],[147.820933000058,-9.16144999971767],[147.823247999795,-9.16170599983194],[147.825198999834,-9.16090699985814],[147.828349000306,-9.16153900022466],[147.830970999812,-9.16138500031748],[147.832447999576,-9.16204800031495],[147.833517000309,-9.16352700017086],[147.83449100026,-9.16472200041994],[147.834089999754,-9.16705500008811],[147.835177999565,-9.16889000017336],[147.836074000415,-9.17070400018941],[147.837636999648,-9.17321900015668],[147.839688999848,-9.176454000052],[147.840894999705,-9.17871399995106],[147.842356999676,-9.18096000010388],[147.842454999699,-9.18155599970959],[147.842521000044,-9.18192999986957],[147.843152000365,-9.18335199979492],[147.843929000223,-9.18515400015697],[147.844440999553,-9.18651099978275],[147.844616999575,-9.18984599979303],[147.847447999725,-9.19265499982833],[147.849785999624,-9.19364699970924],[147.851375000056,-9.19496000000398],[147.851788000216,-9.19621799956099],[147.852261000445,-9.19733299971813],[147.851860999985,-9.20121099958789],[147.851223000241,-9.20483500033493],[147.851540999618,-9.20687800011956],[147.851577000378,-9.21073399987417],[147.852568000213,-9.21384200020812],[147.852806000397,-9.21675899982796],[147.852038000054,-9.21926500027951],[147.850966000081,-9.22067000032025],[147.850453999852,-9.22210599999188],[147.850463000267,-9.22451100028241],[147.851039999896,-9.22606499999972],[147.852027999593,-9.22798799964643],[147.853099000419,-9.23020800039887],[147.854133999585,-9.23208299963068],[147.856868999805,-9.23481199957406],[147.85918699968,-9.2358499997776],[147.860408000229,-9.23795999995399],[147.860418999837,-9.23859400041272],[147.860258999653,-9.23984999987756],[147.8599220003,-9.24019499959951],[147.859933999954,-9.24278999965874],[147.860978999581,-9.24437299981406],[147.862963000242,-9.24571499964748],[147.864197999638,-9.24799300037659],[147.864097000376,-9.24956099984025],[147.863616999825,-9.2524019995526],[147.864017000284,-9.254045999823],[147.867280999718,-9.25808499992275],[147.869440000356,-9.26038299977558],[147.871792000001,-9.26186799990825],[147.873693999578,-9.2640190001767],[147.875117000449,-9.26496099955044],[147.875966000031,-9.26634799966043],[147.87632999973,-9.26740499984083],[147.878089999954,-9.26759499960951],[147.879797999578,-9.26820399981472],[147.880712000359,-9.26935399978721],[147.88175599994,-9.26996099990021],[147.881675999848,-9.27160500017055],[147.882203999915,-9.27356799986323],[147.883307999565,-9.2747169997897],[147.885498999879,-9.27666499968996],[147.887434000079,-9.27902699979614],[147.888410000121,-9.27968200032398],[147.889977999585,-9.28087899976601],[147.89236099976,-9.28375200005474],[147.893656000124,-9.28427900007575],[147.898222000245,-9.28537100007156],[147.899997000261,-9.28581800000063],[147.902015999839,-9.28658700038971],[147.902997000112,-9.28739099969482],[147.90331699958,-9.28869999980509],[147.903544000156,-9.29058899968254],[147.902458000436,-9.29322599987996],[147.901798999724,-9.297014000096],[147.90392999997,-9.29860000038969],[147.908124000023,-9.29985099962392],[147.91030900006,-9.2995520002246],[147.913901000231,-9.29654099986721],[147.914529000413,-9.29554799994019],[147.915232999603,-9.29396799992321],[147.914848999882,-9.29184500004669],[147.914841999559,-9.2902310002604],[147.914654999928,-9.28847600026718],[147.914956000319,-9.28715799974186],[147.916046000223,-9.28600300043811],[147.918176000422,-9.28560400002453],[147.920357000275,-9.28533300011783],[147.921966999877,-9.28552399993259],[147.924804000304,-9.28665299983601],[147.931138000119,-9.28836100035984],[147.93349600004,-9.28818500033742],[147.935802000262,-9.28825099978379],[147.937712000209,-9.28896400028833],[147.940889000127,-9.28981299986999],[147.943592999817,-9.28981299986999],[147.945980000177,-9.28922899991836],[147.947787999916,-9.28798800024595],[147.949789999609,-9.28713699967273],[147.951221999995,-9.2872040000645],[147.953219000357,-9.28847300012882],[147.956280000322,-9.28951000028623],[147.957905999762,-9.28977199977794],[147.962599000344,-9.2906929999819],[147.965839999616,-9.28870500003569],[147.967216000118,-9.28857799957496],[147.96952999981,-9.28947000024027],[147.970589000082,-9.2900940002379],[147.971357000425,-9.29178600002382],[147.971695999871,-9.29265599967462],[147.971583000055,-9.29109999986509],[147.971975000146,-9.28879999992],[147.973557000255,-9.28599500006914],[147.975847999785,-9.27892899977349],[148.104166999707,-9.21250000037469],[148.163487999572,-8.9305780000746],[148.241667000332,-8.8375000002248],[148.230430000144,-8.79856299968264],[148.229616000378,-8.79465600027414],[148.229201000126,-8.7901910003144],[148.229507999894,-8.78616299982253],[148.224461000075,-8.78354899978648],[148.217606999663,-8.77815200001475],[148.217721999571,-8.77286299982752],[148.219025000304,-8.77142900024815],[148.220330000229,-8.77056900015918],[148.232372999814,-8.76665000019732],[148.230617999821,-8.75777700020837],[148.235845999893,-8.7503290002831],[148.236858999843,-8.7496129996402],[148.238588000436,-8.74961899991688],[148.24146500001,-8.7516469999091],[148.241784000331,-8.75164599986294],[148.247227999573,-8.75276600025069],[148.251718999832,-8.74866399994358],[148.256058000277,-8.7467980002275],[148.264580000267,-8.74367600014723],[148.27556899981,-8.73795599986943],[148.282211000337,-8.73596799992322],[148.28553499984,-8.73425199992984],[148.292329000183,-8.73024400036031],[148.30373500007,-8.72812899995337],[148.306044999577,-8.7271279996574],[148.308651000144,-8.72512299982651],[148.313427000056,-8.72053400044372],[148.315178999911,-8.71564599986294],[148.318080999738,-8.71075900022766],[148.319103000103,-8.70600999976165],[148.320585000098,-8.69478400008149],[148.321609999702,-8.69060900000528],[148.323930999716,-8.68672900004327],[148.325670999917,-8.68486699961228],[148.330011000407,-8.68113900036451],[148.332040000446,-8.67855299982102],[148.332772000028,-8.67495700036524],[148.332798000328,-8.66746900039402],[148.332597000052,-8.66517799996467],[148.191667000432,-8.58333300011782],[148.070833000343,-8.45000000009987],[148.070833000343,-8.10416699960728],[148.133146999734,-8.09440299989848],[148.1292672,-8.0562886],[148.0718826,-8.0585726],[148.0122053,-8.049435],[147.9755041,-8.0745536],[147.9547467,-8.0082659],[147.263580000217,-7.99856599962112],[147.201020000273,-8.04024099962237],[147.176020000323,-7.99857500003617],[147.001082999981,-7.99856200033599]]]},"properties":{"FID":30,"District":"SOHE","Province":"ORO"},"id":30},{"type":"Feature","geometry":{"type":"Polygon","coordinates":[[[146.510763000412,-7.88748499963299],[146.511088000111,-7.88848199974443],[146.511452999856,-7.88970200024705],[146.51132999958,-7.89029199957605],[146.510719000182,-7.89095699966577],[146.509983999562,-7.8918789999159],[146.509454000302,-7.89243200023657],[146.508884000097,-7.89257899982095],[146.507336999803,-7.89146999994051],[146.506928999873,-7.89224499970692],[146.507498000033,-7.89353799997866],[146.50790399987,-7.89442500041338],[146.507537000033,-7.89508899955764],[146.506274000245,-7.89493999988104],[146.505298000203,-7.89405200029955],[146.503875000231,-7.89165000014738],[146.503510999633,-7.8909379996889],[146.502613999636,-7.89057800017451],[146.502204999661,-7.8918329995932],[146.502528000167,-7.89408600006879],[146.502770999682,-7.89541600024819],[146.502443999891,-7.89615400010696],[146.501873999685,-7.89644900022115],[146.499310000156,-7.89459900034355],[146.498048000415,-7.89426500022956],[146.497801999862,-7.89555799960198],[146.498004000185,-7.89685099987373],[146.497594000163,-7.8984380002135],[146.498081000138,-7.90047000039016],[146.497502999564,-7.90132100006406],[146.496531999752,-7.90139099969485],[146.493499000179,-7.90081500011212],[146.492215000322,-7.90097999962723],[146.491099000119,-7.90206500019958],[146.490778999751,-7.90513299958822],[146.489602000332,-7.90555600020918],[146.488706000382,-7.90559200007073],[146.487972999854,-7.90559100002457],[146.48813500013,-7.90621900020665],[146.489111000173,-7.90743899980992],[146.489150000172,-7.90876899998932],[146.489066999942,-7.91020899984539],[146.489065999896,-7.91113200014165],[146.488087999761,-7.91164799965543],[146.48682600002,-7.91123999972616],[146.485442000048,-7.90998300021522],[146.484832999843,-7.90854200031299],[146.483895999801,-7.90872499975889],[146.484138000169,-7.91057200039746],[146.483891999616,-7.91215999988407],[146.482860999735,-7.91338100043277],[146.48103900025,-7.9135969996018],[146.479099999865,-7.91213699972269],[146.478637000098,-7.91226400018343],[146.477533999594,-7.91484799973534],[146.476637999644,-7.91469900005876],[146.475653000086,-7.91250000027475],[146.475419000087,-7.91218600018374],[146.474114000161,-7.91343999955628],[146.473094999934,-7.91465799996667],[146.471954000377,-7.91461899996683],[146.471425000264,-7.91413900031455],[146.470652999736,-7.91247600006734],[146.469513000225,-7.91228999958379],[146.467801000416,-7.91310000006491],[146.465601999733,-7.91272799999718],[146.464789000012,-7.91161900011673],[146.463853000016,-7.91110099961139],[146.462630000274,-7.91172699970122],[146.461937999839,-7.91150400020939],[146.461288000441,-7.91017400003005],[146.460474999821,-7.90887999971216],[146.460582000259,-7.90768100017794],[146.460070000031,-7.90729200022561],[146.458847000289,-7.90754900038597],[146.45685200002,-7.90750900034004],[146.454977999935,-7.90743300043261],[146.454000999846,-7.90687800001963],[146.45367800024,-7.90525199967999],[146.453230000264,-7.90466100030489],[146.452333000268,-7.90517699981865],[146.452005000431,-7.90694899969651],[146.451123000226,-7.90842100012901],[146.450089000207,-7.90842400026736],[146.449437999864,-7.9077950000392],[146.448706000282,-7.90698100027289],[146.448013999846,-7.90679599983547],[146.447365999641,-7.91020299956875],[146.447126000265,-7.91164000018581],[146.445987999946,-7.91318600043354],[146.444990999835,-7.91318100020294],[146.442346000168,-7.91173700016236],[146.441326999941,-7.91166200030102],[146.439860999785,-7.9118449997469],[146.439250000387,-7.91132700014088],[146.438436999768,-7.91032899998333],[146.43717399998,-7.91043799961392],[146.436397000121,-7.91276299981258],[146.434977000288,-7.91494699980416],[146.383333000118,-7.91666699998199],[146.383333000118,-8.08333300021775],[146.72500000005,-8.38333299961818],[146.7999999999,-8.51249999997498],[146.931740000201,-8.51666699968224],[147.008332999768,-8.51666699968224],[147.016667000082,-8.59166700043169],[146.97500000045,-8.64166700033179],[146.97500000045,-8.88244399989065],[147.522026999846,-8.88244399989065],[147.517582999955,-8.87726600032561],[147.515898999639,-8.87195900020766],[147.51434800006,-8.86994800010007],[147.513868000408,-8.86713800001866],[147.512963000043,-8.86509800037237],[147.512331999722,-8.86367500040093],[147.511215000372,-8.86061999981308],[147.509622999802,-8.85499400027284],[147.507069999881,-8.85079299989697],[147.506030999631,-8.84940399969481],[147.505247000349,-8.84709100004954],[147.503663000147,-8.84469600022021],[147.502655999575,-8.84329100017948],[147.502240000176,-8.84235700027529],[147.502224000337,-8.83912499961899],[147.502543999806,-8.83717799976483],[147.501792000201,-8.83441600009826],[147.501221999995,-8.83280200031203],[147.498841999958,-8.8301440000455],[147.497481000148,-8.8268720002426],[147.499287999841,-8.82502799974236],[147.500530999606,-8.82420699965325],[147.500687999652,-8.82249299975212],[147.498896999797,-8.8202899997836],[147.497456999941,-8.81831000020629],[147.491698999709,-8.81531000035619],[147.490420000083,-8.81428799999117],[147.489876000177,-8.81340999997151],[147.488261000345,-8.8127239998127],[147.486677000143,-8.81253199995178],[147.48507800015,-8.81206900018418],[147.483253999672,-8.81040900007525],[147.480150999569,-8.80882900005827],[147.479032000127,-8.80764799955551],[147.478059000223,-8.80646699995202],[147.477515000317,-8.80517399968028],[147.475739000255,-8.80372800044682],[147.474569000259,-8.80351300042456],[147.472954000427,-8.80146999974068],[147.471834000039,-8.79869300028168],[147.470294000068,-8.79713100019545],[147.469272999749,-8.79549500029396],[147.466588000036,-8.79376000032369],[147.463821000139,-8.79277099968187],[147.462669000074,-8.79195699991557],[147.461122999827,-8.79049099975981],[147.459853999762,-8.78909900031858],[147.458350999699,-8.7876789995861],[147.456431000191,-8.7867210003738],[147.456688000351,-8.78576300026219],[147.456669000374,-8.78491499982733],[147.456941000327,-8.78389400040778],[147.457022999612,-8.78231599958366],[147.456143000399,-8.78081599965862],[147.456302999684,-8.77722400038726],[147.456623000051,-8.7754189998869],[147.457262999888,-8.77265900031257],[147.458271999653,-8.77166700043171],[147.458950000342,-8.77074500018159],[147.459852999716,-8.76931099970285],[147.460530000359,-8.768491999706],[147.461660000309,-8.76695599991938],[147.463918000116,-8.76367899988589],[147.465950000292,-8.76081099982776],[147.467189999919,-8.75774000030072],[147.467527000171,-8.75600000009991],[147.468203999915,-8.75477100008152],[147.469403000348,-8.75300899976548],[147.470953999927,-8.75272300006635],[147.471354000387,-8.75134899965656],[147.472393999783,-8.75080599979703],[147.473130000449,-8.74956099994019],[147.475625000394,-8.74940299984854],[147.480087000215,-8.7493380004483],[147.480310999753,-8.74869899975898],[147.479159999734,-8.74804500017655],[147.478439999806,-8.74648200004425],[147.478216000268,-8.74563599970157],[147.477805000201,-8.74462900002829],[147.477991999831,-8.74293800028846],[147.477447999925,-8.74206000026874],[147.475513999771,-8.73851300037462],[147.474519999798,-8.74013100034534],[147.472597000151,-8.74003100023042],[147.47122599988,-8.74016099993015],[147.466875999828,-8.73883599998136],[147.466044000131,-8.73818100035282],[147.465243000064,-8.73809600003035],[147.464173000184,-8.7374469997792],[147.462669000074,-8.73640899957565],[147.461507999595,-8.73543999985606],[147.459131999742,-8.73472700025081],[147.457661000255,-8.73411499990727],[147.451873000439,-8.73463799974384],[147.45065700012,-8.73344000025577],[147.449234000149,-8.73227499959153],[147.447953999578,-8.73252899961359],[147.44672200032,-8.73254500035143],[147.445444999887,-8.73269700016636],[147.444879999912,-8.73279900037354],[147.443636000101,-8.73290299977356],[147.442278999576,-8.73321199963403],[147.440356999976,-8.73352100039381],[147.438661000005,-8.73393199956207],[147.434703000043,-8.73434599976805],[147.658333000268,-8.54166699963231],[147.462500000375,-8.34166700003196],[147.379350999749,-8.37001699978464],[147.0000000004,-8.00000000009988],[146.945976000192,-7.96992700003097],[146.944859999989,-7.9708050000507],[146.941916000023,-7.97315699969574],[146.939994000423,-7.97345199980993],[146.936166000161,-7.97392399999257],[146.929099999865,-7.97389300036162],[146.928491999706,-7.97371700033928],[146.926856999851,-7.97266100020494],[146.925212000434,-7.97162099990919],[146.923483999887,-7.96966899982442],[146.9219480001,-7.96859699985163],[146.920071999923,-7.96642799965241],[146.918766999997,-7.96548200009419],[146.916417999591,-7.96492899977347],[146.913883999647,-7.96480500035045],[146.91265200039,-7.96442099972934],[146.912412000114,-7.96338100033285],[146.912316000183,-7.96134900015618],[146.911612000094,-7.95893300025773],[146.911420000233,-7.95726899996437],[146.911461000325,-7.95562100040878],[146.911287000395,-7.95412199963056],[146.90998199957,-7.95325400007199],[146.908590000128,-7.95285999988904],[146.905157000096,-7.95324399961084],[146.904165000215,-7.95388799963143],[146.902412000314,-7.95554000027074],[146.901281000318,-7.95640699978317],[146.899453999702,-7.95703800010358],[146.897800999916,-7.95814199975343],[146.896335999807,-7.95995799986179],[146.892318999822,-7.96168999969369],[146.889446999579,-7.9641339999841],[146.888402999999,-7.96547499977139],[146.886908000304,-7.96752399983268],[146.886204000215,-7.96942800040189],[146.884956000219,-7.97136399974875],[146.882900999881,-7.97283900031954],[146.881319999818,-7.97447500022105],[146.878949000196,-7.97580500040038],[146.874913000235,-7.9791160002032],[146.872011999554,-7.98474499988181],[146.870827999812,-7.98688899982745],[146.869340999588,-7.98968400011648],[146.865947999601,-7.98985900009273],[146.862124000422,-7.9906430002742],[146.859595999856,-7.99165200003972],[146.856898000442,-7.9933079999642],[146.855628000332,-7.99510700018788],[146.854603999875,-7.99598700029976],[146.852445000137,-7.99649899962907],[146.849180999803,-7.99617900016067],[146.847005000181,-7.99627500009114],[146.843308999711,-7.996527000021],[146.841319999718,-7.99779199990081],[146.838191000215,-7.99922500033347],[146.83618700043,-7.99984700023885],[146.833703000093,-7.99775299990096],[146.833072999819,-7.99627800022951],[146.831924999939,-7.9949550003729],[146.830707999575,-7.99377099973179],[146.829513000225,-7.99307199987283],[146.827428000302,-7.99166999997051],[146.82510900038,-7.99098199971945],[146.822603999975,-7.99016299972261],[146.820315999684,-7.98824300021427],[146.818284000406,-7.98571499964748],[146.816747999721,-7.98435499988331],[146.814702999844,-7.98343199958708],[146.812613999736,-7.98366699963231],[146.80872200012,-7.98334700016385],[146.807937999939,-7.98294699970422],[146.805707999625,-7.97941100031738],[146.804267999768,-7.97685100007356],[146.803612000094,-7.97086700021186],[146.802988000096,-7.96835600042905],[146.801787999617,-7.96557099970181],[146.800091999646,-7.96225899985292],[146.799531999902,-7.96051600041307],[146.799643999671,-7.95712399957289],[146.799627999832,-7.95546000017886],[146.800971999758,-7.95285200041946],[146.801131999942,-7.95158799968642],[146.800284000406,-7.95069199973597],[146.798428000252,-7.95002000022277],[146.795883999847,-7.94630799991421],[146.794940000381,-7.94427599973756],[146.793931999762,-7.94273999995103],[146.793395000179,-7.94092900007325],[146.792642999675,-7.93864099978224],[146.791228000072,-7.93680399960487],[146.789659999709,-7.934788000166],[146.787669999671,-7.93278100024294],[146.785003999935,-7.93233999969119],[146.781756000339,-7.93210000031472],[146.779493000302,-7.9321499999225],[146.778863000028,-7.93211400006101],[146.777927000031,-7.93206599964612],[146.77731699978,-7.93277600001233],[146.776794999989,-7.93348500033245],[146.776267999968,-7.93537999958727],[146.77554800004,-7.93701200020359],[146.774683999767,-7.93810000001497],[146.774188000276,-7.93974799957052],[146.773710999863,-7.94184199990832],[146.773101999658,-7.94364000008589],[146.772140000261,-7.94541199996378],[146.771480000402,-7.94720700000302],[146.76921800041,-7.94823099956097],[146.767042999935,-7.94807200032249],[146.765476999664,-7.94822900036804],[146.763915999624,-7.94870799997416],[146.762691999836,-7.94964700010893],[146.761125000418,-7.95130199998728],[146.759644999617,-7.95272099977428],[146.757382999626,-7.95343000009439],[146.75590399977,-7.95413900041451],[146.754814999912,-7.95528300011034],[146.751681000178,-7.95867299995894],[146.749140999957,-7.95737300026371],[146.747284999803,-7.95654099966737],[146.746594000313,-7.9547639995589],[146.741117000449,-7.95305900007276],[146.739627000086,-7.95254799989021],[146.739515000317,-7.95142200012515],[146.740159000338,-7.95026399978372],[146.741368000333,-7.94688500044238],[146.740511000382,-7.94348099994812],[146.738636000251,-7.94035599972955],[146.737627999633,-7.93784299985453],[146.736575999683,-7.93654400020541],[146.734700000405,-7.93257899992085],[146.733916000223,-7.93000399988467],[146.732811999674,-7.92557299969412],[146.731479000256,-7.91973500027],[146.732075999908,-7.9186369999975],[146.732260000299,-7.91659999959028],[146.732133999884,-7.91551499991726],[146.732471000137,-7.91221699981464],[146.731964000139,-7.9093630004021],[146.732259000253,-7.90594400011549],[146.732243000414,-7.90408699991509],[146.729261999642,-7.90105600043405],[146.728222000245,-7.89928000037167],[146.727796000385,-7.89721400042573],[146.728146000338,-7.89453199995177],[146.729712999755,-7.89232499979886],[146.729895000054,-7.89016900019913],[146.730934000304,-7.88743500002517],[146.731475000071,-7.88435500008314],[146.731619999563,-7.88227000016036],[146.731209000395,-7.88054599979801],[146.727171000342,-7.87644500043638],[146.725272000003,-7.87391499977735],[146.721550000132,-7.87291599957366],[146.719389000302,-7.87119999958026],[146.72042599956,-7.86838400012146],[146.721668000178,-7.86736099971034],[146.725392000141,-7.8673639998487],[146.730133000238,-7.86624100022192],[146.732371000022,-7.86471700008946],[146.734192000361,-7.86429599956069],[146.737508000394,-7.86258299970565],[146.740163999669,-7.86061499978234],[146.743304999726,-7.85778599972406],[146.74643900036,-7.85337100027141],[146.748528999614,-7.84848199964455],[146.74870399959,-7.84674699967422],[146.747980000377,-7.84355700005546],[146.748364000099,-7.84101399969625],[146.747755999939,-7.84037399986017],[146.745516000063,-7.83963700004745],[146.745003999835,-7.83842099972928],[146.745228000272,-7.83666100040477],[146.746235999991,-7.83378199983941],[146.747260000449,-7.83229399956838],[146.747755999939,-7.83091799996565],[146.748028999938,-7.82995200038448],[146.64912200018,-7.76576700014687],[146.648687999951,-7.76735000030221],[146.648477000114,-7.76815499965347],[146.648254999768,-7.76893399960437],[146.647378999841,-7.77003500001519],[146.646709999567,-7.7706010000361],[146.646141000307,-7.77093400010397],[146.64507000038,-7.77133399966431],[146.644602000382,-7.77166699973219],[146.64453499999,-7.77199999980012],[146.644667999828,-7.77220100007605],[146.645269999711,-7.77260199968249],[146.646072999869,-7.77286900030407],[146.646673999705,-7.77360299997845],[146.646607000213,-7.77427000016035],[146.646138000169,-7.77453699988258],[146.645068000288,-7.77453599983649],[146.643728999694,-7.775269000364],[146.64339499958,-7.77533499981036],[146.642758999928,-7.77576799999315],[146.641989000392,-7.77686800035787],[146.641585999794,-7.77784599959319],[146.64034800026,-7.78003599986147],[146.639511000333,-7.78093599999637],[146.639076000057,-7.78120199967247],[146.638171999738,-7.78160200013218],[146.637234999696,-7.78266899987437],[146.635428000002,-7.78400100014602],[146.634657999567,-7.78430099959143],[146.633487999572,-7.78453300039764],[146.632617999921,-7.78519999968018],[146.632455999645,-7.78568200032401],[146.631279000226,-7.78573199993179],[146.630609999952,-7.7858649997699],[146.629606000417,-7.78653099990566],[146.629471999633,-7.78706500024953],[146.629705999632,-7.78763200031655],[146.629938999585,-7.78900000044962],[146.629670999817,-7.78973400012399],[146.629201999773,-7.7904669997522],[146.627996999962,-7.79126699977219],[146.627695999571,-7.79130000039464],[146.625856000154,-7.79126499967992],[146.625288000041,-7.79136399974875],[146.624718999882,-7.79166400009347],[146.623246000303,-7.79359700020138],[146.623111000372,-7.79419800003763],[146.622812000074,-7.79461000015135],[146.621372000218,-7.79479699978168],[146.620769000289,-7.79533000007939],[146.619463000317,-7.79683000000444],[146.619028000042,-7.79759700030126],[146.618491999606,-7.79886400027335],[146.617956000069,-7.79926299978757],[146.616986000304,-7.79936299990248],[146.616350999799,-7.79912899990336],[146.615616000078,-7.79832699979119],[146.615081999735,-7.79719299965718],[146.615015000242,-7.79685900044246],[146.614781000243,-7.79655900009772],[146.613666000086,-7.79575599993939],[146.612206000207,-7.79565599982447],[146.611804999701,-7.79592200039997],[146.611036000211,-7.79595500012311],[146.610333000168,-7.79572100012399],[146.608527999668,-7.79458499989778],[146.608094000338,-7.79448499978287],[146.60725700041,-7.79445100001358],[146.606789000412,-7.79498400031135],[146.60692200025,-7.79558500014759],[146.607390000248,-7.79638500016757],[146.607421999925,-7.79755300007088],[146.607254000272,-7.79838699986011],[146.60651699956,-7.7993870001099],[146.604776000212,-7.80125299982603],[146.603940000331,-7.80155300017078],[146.602635000405,-7.80165100019343],[146.601898999739,-7.80258500009763],[146.601663999694,-7.80368499956303],[146.601596000155,-7.80468599985896],[146.601230000364,-7.8057389998549],[146.599283999657,-7.80858599984395],[146.599180000257,-7.80908200023407],[146.598481000398,-7.80978700036974],[146.598012000354,-7.80978600032358],[146.596808999736,-7.80885100037329],[146.596180000407,-7.80870900012019],[146.594567999813,-7.80861500028198],[146.593263999934,-7.8081810000531],[146.59292999982,-7.80791300028473],[146.592327999937,-7.80771300005491],[146.592127999707,-7.80751199977892],[146.591726000055,-7.80744500028648],[146.591024000058,-7.80707800044934],[146.590455999945,-7.80641000022127],[146.589855000108,-7.80537600020223],[146.589788999763,-7.80447500002118],[146.5898570002,-7.80364100023194],[146.589723000316,-7.80330700011792],[146.58935599958,-7.80274000005092],[146.589055000088,-7.80243999970617],[146.588185999584,-7.80203800005359],[146.586646999659,-7.80190400016943],[146.584641999828,-7.80083400028883],[146.584440999552,-7.80083400028883],[146.584241000222,-7.800634000059],[146.583738999555,-7.80070000040469],[146.583135999627,-7.80096600008079],[146.581664000094,-7.80223200000678],[146.580492000006,-7.80303200002674],[146.580291999776,-7.80303200002674],[146.579053000196,-7.80369700011642],[146.578016000038,-7.80456399962885],[146.577780999993,-7.80526400043322],[146.57761300034,-7.80629799955301],[146.577344999672,-7.80669800001267],[146.577343999626,-7.80696499973493],[146.576830000204,-7.80785899959314],[146.576204000115,-7.81036600009077],[146.575868999954,-7.81083300004286],[146.575868999954,-7.8110330002727],[146.575433999679,-7.81153299994793],[146.574764000258,-7.81209899996883],[146.574195000099,-7.81243200003672],[146.573759999824,-7.81253200015163],[146.572956999666,-7.81256399982868],[146.569545999748,-7.81246099957542],[146.568442000098,-7.81275999987406],[146.567572000448,-7.81269200033553],[146.567271000057,-7.81255899959808],[146.565936999693,-7.81179700043117],[146.564997999558,-7.81178900006227],[146.563223999588,-7.81222100019898],[146.562253999822,-7.81218700042967],[146.561251000333,-7.81185200026955],[146.560280999669,-7.81181799960098],[146.558473999975,-7.81321700026434],[146.55693500005,-7.81354900028606],[146.555731000286,-7.8134140003558],[146.554828000012,-7.81298000012687],[146.553824999624,-7.81297900008077],[146.553322999857,-7.81314499964197],[146.552653000436,-7.81391099989269],[146.552250999884,-7.81457800007462],[146.551983000115,-7.81544499958699],[146.552183000345,-7.81614600043752],[146.552181000253,-7.81727999967224],[146.551912999585,-7.81801300019975],[146.55144400044,-7.81868000038167],[146.55097400035,-7.821014000096],[146.550436999868,-7.82198099972334],[146.549478999756,-7.82302200006519],[146.548461999622,-7.82411400006101],[146.547356999926,-7.82494699980413],[146.546453999652,-7.8253129995952],[146.544211999684,-7.82554400035532],[146.54387799957,-7.82581000003142],[146.543342000033,-7.82661000005141],[146.543139999711,-7.82784400030034],[146.543272000403,-7.8295790002706],[146.543001999643,-7.8312799995723],[146.542667000382,-7.83181299987001],[146.541695999671,-7.83241199961408],[146.540458000137,-7.83357900037056],[146.539921999701,-7.83437900039053],[146.539017000234,-7.83534499997172],[146.537712000309,-7.83621100033737],[146.536675000151,-7.83654300035914],[146.53550400011,-7.83680900003526],[146.534566000021,-7.83747500017109],[146.53336100021,-7.83877399982019],[146.53265700012,-7.84024100002211],[146.532085999869,-7.84200899971552],[146.531818000101,-7.84227500029102],[146.531182000449,-7.84270799957448],[146.529671000017,-7.84276200026607],[146.529409999672,-7.84260600026665],[146.528338999745,-7.84267199971299],[146.527669000324,-7.84333799984876],[146.527266999772,-7.84450499970591],[146.527097000027,-7.84643899985991],[146.526861999981,-7.84720600015675],[146.526192999707,-7.84760599971708],[146.525089000057,-7.84743800006363],[146.523885000293,-7.84740300024823],[146.522445999583,-7.84793499960052],[146.521877000323,-7.84836799978331],[146.521643000324,-7.84866800012804],[146.521574999886,-7.84913500008013],[146.52194299977,-7.84963599980149],[146.522344000275,-7.84990300042308],[146.523614000386,-7.85033799979879],[146.52451699976,-7.85120600025664],[146.52438199983,-7.85227400004504],[146.524180999554,-7.85253999972117],[146.524145999738,-7.85324099967232],[146.52421300013,-7.85397500024602],[146.524646000313,-7.85540899982543],[146.524610999598,-7.85624299961472],[146.524443999991,-7.8567430001893],[146.52377399967,-7.85741000037115],[146.522034000369,-7.85740800027896],[146.521331000326,-7.8579069999081],[146.52089600005,-7.85847399997504],[146.520962000396,-7.85907399976526],[146.521295999611,-7.85940799987925],[146.521698000163,-7.85960900015516],[146.522332999768,-7.85957600043202],[146.524072999969,-7.85914500034146],[146.524774999966,-7.85921199983386],[146.52567800024,-7.85984700033874],[146.526111999569,-7.86041400040575],[146.526211999684,-7.86084799973537],[146.526245000307,-7.86164899980144],[146.526143000099,-7.86278299993547],[146.525807999939,-7.86324899984141],[146.52557399994,-7.8632819995646],[146.525173000334,-7.86301499984234],[146.524871999943,-7.86251400012095],[146.524169999946,-7.86194600000784],[146.523300000295,-7.86207899984589],[146.522094999585,-7.86361200039346],[146.521759000278,-7.86474599962816],[146.521824999724,-7.86521299958019],[146.522158999838,-7.86581400031582],[146.523629000178,-7.86721600021821],[146.523763000062,-7.86748299994042],[146.523762000016,-7.86794999989251],[146.523394000133,-7.86838300007538],[146.523160000134,-7.86841599979852],[146.522090000253,-7.86781499996222],[146.521085999819,-7.86781399991612],[146.520417000444,-7.86834700021382],[146.520282999661,-7.86864699965924],[146.520215000122,-7.86928000007192],[146.52034799996,-7.86968099967834],[146.521885999839,-7.87108299958073],[146.522018999677,-7.87141699969477],[146.521952000185,-7.87175099980874],[146.521617000025,-7.87208399987664],[146.520881000258,-7.87221599966859],[146.519743999986,-7.87201500029197],[146.519476000217,-7.87214800013005],[146.519241000172,-7.87251499996723],[146.519273999895,-7.8733489997565],[146.519741999893,-7.87388300010031],[146.519975999892,-7.87398300021523],[146.520544000006,-7.87408400037628],[146.521949000046,-7.87408500042239],[146.522183000046,-7.87431900042151],[146.524188999922,-7.87680099976627],[146.524219000407,-7.8784239999676],[146.524083999577,-7.87955800010156],[146.523715999694,-7.88005799977679],[146.523601999833,-7.88022400023737],[146.522256999861,-7.88114599958816],[146.521563000232,-7.88229000018333],[146.520949999843,-7.88409899996885],[146.519849000331,-7.88494700040371],[146.51630399963,-7.88601400014597],[146.514917999566,-7.88763700034725],[146.513735999917,-7.88815299986101],[146.513330000079,-7.88700800011907],[146.514431999637,-7.88523600024116],[146.514229000168,-7.88453400024389],[146.5119480002,-7.88504899971151],[146.510763000412,-7.88748499963299]]]},"properties":{"FID":78,"District":"GOILALA","Province":"CENTRAL"},"id":78},{"type":"Feature","geometry":{"type":"Polygon","coordinates":[[[147.8599220003,-9.2401949995994],[147.483332999718,-9.58333299991785],[147.3998673,-9.6630788],[147.4492108,-9.7334502],[147.5099411,-9.8036665],[147.4999359,-9.8771358],[147.5538178,-9.9337632],[147.5975222,-9.9869585],[147.6949155,-10.0267908],[147.7014895,-10.0930558],[147.7316109,-10.1228253],[147.7552192,-10.0798149],[147.8090038,-10.0599284],[147.8591918,-10.1129194],[147.926151000369,-10.0935850004474],[148.004166999907,-10.0249999996502],[148.108333000268,-10.0249999996502],[148.108333000268,-9.9208330001428],[148.254167000307,-9.74146399956379],[148.25335599978,-9.74037899989077],[148.251600999787,-9.73945200030949],[148.250241000022,-9.73737399981014],[148.248701000051,-9.73441199991379],[148.24770900017,-9.73260900040498],[148.247644999917,-9.73136399964881],[148.248589000282,-9.72820399961477],[148.24871699989,-9.72603200017654],[148.248763000213,-9.72524499985678],[148.248520999844,-9.72438399972174],[148.248702000098,-9.72212199973035],[148.246834000289,-9.72022500038344],[148.24690900015,-9.71893200011169],[148.247668000078,-9.71616400016831],[148.248088999708,-9.71533799984866],[148.243550999979,-9.71508299978058],[148.242414999753,-9.71490699975807],[148.239968000223,-9.71503500026484],[148.236949000396,-9.71588099970826],[148.235760999571,-9.71524299996435],[148.235393999734,-9.71383699987751],[148.235121999781,-9.71238500036736],[148.234994000173,-9.71126800011792],[148.237201000326,-9.70949600024018],[148.238206999953,-9.70826900031399],[148.237176000073,-9.70715400015694],[148.236518000306,-9.70676300011234],[148.234923999643,-9.70619399995292],[148.233010000411,-9.70519599979547],[148.231970000116,-9.70369199968588],[148.230693999728,-9.70290600031149],[148.228858999643,-9.70162100040881],[148.226667000182,-9.70021000009127],[148.225268999565,-9.69940699993303],[148.223670999617,-9.69761800017051],[148.222550000082,-9.69575499969341],[148.2219870002,-9.69410500004556],[148.221180999903,-9.69138000028676],[148.222291999876,-9.6903699995757],[148.225006000027,-9.68951000038612],[148.226972999904,-9.68837600025217],[148.227762000316,-9.68453500029],[148.227475999718,-9.68018900042194],[148.227346000018,-9.67950999968662],[148.227027999743,-9.67784300015426],[148.227571999648,-9.67613399958424],[148.227405000041,-9.67405199979993],[148.226843000204,-9.67261800022049],[148.226363999699,-9.67204499987667],[148.225404000395,-9.67068400006645],[148.224681000328,-9.66896299984239],[148.223240000426,-9.66659899964405],[148.221413999856,-9.66330100044071],[148.21756899971,-9.66073099973575],[148.214859999789,-9.65966299994734],[148.212551000329,-9.65938399967172],[148.210000999647,-9.65838799960649],[148.207293999818,-9.65789500025403],[148.205619999963,-9.65725400037179],[148.202991000135,-9.65625800030642],[148.198692999782,-9.65591399973118],[148.198367000037,-9.65383299999286],[148.196660999606,-9.65464000033562],[148.195653999932,-9.65183200034648],[148.193182000149,-9.65040400014436],[148.191109999927,-9.64926199964151],[148.189271999703,-9.64704299983447],[148.187915000077,-9.64604200043796],[148.186396000175,-9.64403699970774],[148.184882999651,-9.63953399979409],[148.184308000114,-9.63837100012148],[148.183589000233,-9.6375120000787],[148.182151999616,-9.63622400003748],[148.181746999824,-9.6342869997452],[148.180228999969,-9.63235299959121],[148.178394999929,-9.63142600000986],[148.176166999708,-9.63143300033268],[148.174175999623,-9.63072199992025],[148.172376000252,-9.62911599960364],[148.170008999916,-9.62713700007243],[148.168822000035,-9.62434900010622],[148.167941999924,-9.62277300027359],[148.166743000389,-9.62112499981879],[148.165064000303,-9.61883300024255],[148.162833999989,-9.61826600017571],[148.161930999716,-9.62001199975391],[148.161174999927,-9.62171800018541],[148.159428000302,-9.6229450001116],[148.158475999568,-9.6235940003628],[148.156332999669,-9.6251809998032],[148.15538199988,-9.6264770002133],[148.154287999791,-9.62905100020344],[148.153984000162,-9.62983400033876],[148.152533999845,-9.63108200033396],[148.151813999916,-9.63007999999196],[148.150612000244,-9.62757000025528],[148.147900000185,-9.62571200000862],[148.145106999988,-9.62335199999473],[148.142796000435,-9.62228200011417],[148.140088999708,-9.62178899986237],[148.138180999853,-9.62215399960718],[148.135474000025,-9.62173199993162],[148.132766000151,-9.62080700044265],[148.130454999698,-9.61973799970883],[148.127979999778,-9.6173759996026],[148.126783000335,-9.61623099986071],[148.120888000081,-9.61416800005304],[148.118538999675,-9.61471099991269],[148.117470999887,-9.61547099988667],[148.11619999973,-9.61604999960769],[148.114300000245,-9.61669100038932],[148.11330900041,-9.61672300006637],[148.112157000346,-9.61499899970392],[148.11121299998,-9.61364300012418],[148.110860999935,-9.6120630001073],[148.110930000419,-9.61060899960551],[148.110210999638,-9.6096779998398],[148.108493999599,-9.60909299984202],[148.106947000204,-9.60904200018809],[148.105431999587,-9.60811399966128],[148.103858999893,-9.60560099978614],[148.10390400017,-9.60238800000616],[148.103579999618,-9.60122600037949],[148.103489999964,-9.59806600034557],[148.103487999871,-9.59568500026251],[148.103000999896,-9.59462099975929],[148.09989100037,-9.59247699981358],[148.097899000239,-9.59154900018616],[148.096362000406,-9.59106200021104],[148.094368000184,-9.59161499963251],[148.089034999766,-9.59465300033565],[148.086687000305,-9.59338000008684],[148.08549100001,-9.59280899983536],[148.083499999925,-9.59209800032233],[148.082146000438,-9.59159899979399],[148.081901999977,-9.58987600037706],[148.081015999589,-9.58650399955991],[148.078538999575,-9.58320800044874],[148.076861999582,-9.58113099999559],[148.075028999589,-9.58027500009105],[148.073592999917,-9.5788429997046],[148.071997000062,-9.5773399996412],[148.070239999976,-9.57547900015556],[148.066970000265,-9.57290400011942],[148.065449000271,-9.5696769996937],[148.066701999598,-9.5664350003749],[148.066784999828,-9.56457399998999],[148.06463399956,-9.5635030000633],[148.062485000283,-9.56322299974152],[148.057024000258,-9.56076699979714],[148.056510999983,-9.5610150004419],[148.055760999571,-9.56216400036829],[148.055663999594,-9.56368100017789],[148.05485199992,-9.56482599991989],[148.053979000131,-9.56611399996104],[148.052706999928,-9.56718499988779],[148.049270999757,-9.56819699979166],[148.048273999645,-9.56604300028421],[148.04721300018,-9.5643460002675],[148.045697000416,-9.56291499992728],[148.043305999872,-9.56134200023304],[148.042186000384,-9.55940599998666],[148.041466999603,-9.55847500022105],[148.040748999767,-9.5576869998551],[148.039621999956,-9.55617800041433],[148.039189999819,-9.55454999998245],[148.039254000072,-9.55298599980392],[148.037910000147,-9.55022400013745],[148.037685999709,-9.54917100014138],[148.037539000125,-9.54864900035102],[148.037055000288,-9.5464959999904],[148.037207000103,-9.54398200006904],[148.037206000057,-9.54181199982373],[148.037195000449,-9.54065500042776],[148.037198999734,-9.54039099994458],[148.036316000383,-9.53881400006583],[148.035831999647,-9.53651700025921],[148.035734999671,-9.53421400017583],[148.036102000407,-9.53197899963106],[148.036204999761,-9.52833000042915],[148.035646000063,-9.52747000034003],[148.034289000437,-9.52603699990751],[148.033012000004,-9.52467700014342],[148.031019999873,-9.52353399959435],[148.02966500034,-9.52274800021997],[148.028629000228,-9.52217599992235],[148.027432999933,-9.52103100018047],[148.025836000031,-9.51924000032568],[148.024480999599,-9.51809499968443],[148.02344400034,-9.51730800026395],[148.021132999888,-9.51580700029269],[148.019137999619,-9.51380199956249],[148.019609999802,-9.51196300019223],[148.020345999568,-9.50921700036418],[148.021189999819,-9.50841000002145],[148.022776000112,-9.50675400009698],[148.023487999672,-9.50538700001],[148.02436100036,-9.50452299973659],[148.025711999709,-9.50416000008381],[148.028017999931,-9.5040810000379],[148.029687999602,-9.50378900006223],[148.031911999639,-9.50284899988134],[148.032944999612,-9.50227200025257],[148.034851000274,-9.50126100039478],[148.03620000043,-9.50032300030613],[148.039059000073,-9.49887800021946],[148.044224999984,-9.49721099978764],[148.044809999982,-9.49628500025245],[148.044233000353,-9.49550500025532],[148.043905999662,-9.4943110000525],[148.042218000061,-9.49132900013308],[148.041578000225,-9.49003799995353],[148.041174999627,-9.48809999961527],[148.040546000298,-9.48554599964815],[148.040526000275,-9.48408100043763],[148.042909999597,-9.48335500023296],[148.046053999792,-9.48146899959455],[148.047995000269,-9.481401000056],[148.050098000123,-9.48096399968864],[148.050778000005,-9.48124900024107],[148.052608999906,-9.48181800040021],[148.054997000311,-9.48217000044508],[148.055920999754,-9.47880599999684],[148.055744999732,-9.47713100009548],[148.055615000032,-9.47635200014446],[148.056064000054,-9.47336700008691],[148.057284999703,-9.47150899984029],[148.057589000232,-9.47018399989155],[148.05783900007,-9.46857899962112],[148.058111000023,-9.46760499967093],[148.058958999558,-9.46719000031806],[148.060601999783,-9.46781799960097],[148.062410000421,-9.46756200038595],[148.06234800026,-9.46600799976931],[148.063136999773,-9.46377900040045],[148.063922000001,-9.46174900031605],[148.063272999749,-9.457872999639],[148.063585999794,-9.45593300010785],[148.062362000006,-9.45136699998693],[148.061977000239,-9.44997799978473],[148.061334000264,-9.44804100039182],[148.061008999666,-9.44552799961742],[148.061003000288,-9.44380500020038],[148.059957999762,-9.4402170002142],[148.059711000063,-9.43706899983432],[148.058925999835,-9.43524300016424],[148.061357000425,-9.43078999985857],[148.062945999958,-9.42893399970423],[148.063577000279,-9.42735199959497],[148.063487999771,-9.42404900016113],[148.061726000355,-9.42027699978365],[148.061182000449,-9.4188889996276],[148.060334000014,-9.41777100023143],[148.058447000229,-9.41700499998064],[148.056911000442,-9.41658999972862],[148.055119999688,-9.4154249999637],[148.054155000154,-9.41488500024248],[148.053069999581,-9.41395200038449],[148.051758000232,-9.41259599990531],[148.049929000423,-9.41094800034989],[148.04843399983,-9.40910399984949],[148.04729899965,-9.40758700004],[148.043215000172,-9.3996930002316],[148.042082000084,-9.39308999970364],[148.047536999833,-9.39325700021033],[148.043343999826,-9.38949600034006],[148.042074999762,-9.3872449999567],[148.040269000114,-9.38427499969141],[148.0381559998,-9.38319200011062],[148.035852999716,-9.38196500018455],[148.035277000134,-9.38086299972753],[148.034564999675,-9.37875000031216],[148.033766999747,-9.37789000022328],[148.02930399988,-9.3762049998607],[148.02626500003,-9.37618900002218],[148.023610999948,-9.37612499976877],[148.021354000187,-9.3756470002088],[148.019803999755,-9.37520000027974],[148.017617999671,-9.37542399981771],[148.016585999744,-9.37578600032351],[148.015076000257,-9.37629300032149],[148.013925000239,-9.37678799976624],[148.013273999895,-9.3770710002263],[148.00750400001,-9.3770670000419],[148.006401000406,-9.37622099969934],[148.005874000385,-9.3751200001878],[148.005538000179,-9.37333199957203],[148.004753999997,-9.37224699989907],[148.00413,-9.37098600020369],[148.003858000047,-9.36873499982032],[148.003443999841,-9.36821099993763],[148.002485999729,-9.36706500014952],[148.001368000333,-9.36534399992559],[147.999149999673,-9.36289400025787],[147.997758000232,-9.36171299975507],[147.994989000242,-9.35882699976616],[147.993573999741,-9.35712999974954],[147.992182000299,-9.35570999991644],[147.991445999633,-9.35499200008059],[147.989975000146,-9.35341200006353],[147.988758999828,-9.35216700020675],[147.987623999648,-9.35103400011895],[147.986295999561,-9.34987499973135],[147.985259000303,-9.34851299987492],[147.983104999896,-9.34579000020831],[147.982940000381,-9.34392300044601],[147.983014000196,-9.34176900003927],[147.983448999572,-9.33920499961102],[147.9841169998,-9.33824700039872],[147.984592000121,-9.33752699957131],[147.986336999653,-9.33608599966908],[147.987763999809,-9.33450300041308],[147.989904999616,-9.33248600002884],[147.990759000328,-9.33009100019944],[147.990611999844,-9.32968300027023],[147.988620999759,-9.32825199992976],[147.987898999739,-9.32617200023747],[147.987017999581,-9.32358899983234],[147.987243000065,-9.31906399980369],[147.987869000154,-9.31532800018698],[147.99013500033,-9.31226099994513],[147.990374999707,-9.3106009998362],[147.990072000123,-9.30727900042547],[147.988807000243,-9.30707299991894],[147.987604999671,-9.3062079995994],[147.985694999725,-9.30542400031726],[147.98402099987,-9.30406399965381],[147.982904999666,-9.30298999958876],[147.980278999976,-9.30184799998516],[147.978170999892,-9.300145999738],[147.975979999577,-9.29808600006868],[147.97358199961,-9.29525900010266],[147.972575999983,-9.29402799999218],[147.971695999871,-9.29265599967449],[147.971583000056,-9.29109999986492],[147.971975000147,-9.28879999991996],[147.973557000255,-9.28599500006909],[147.975847999786,-9.27892899977343],[147.973232999703,-9.28384199970851],[147.96942600041,-9.28701200020357],[147.962599000344,-9.2906929999819],[147.957905999762,-9.28977199977789],[147.956280000322,-9.28951000028615],[147.953219000357,-9.28847300012882],[147.951221999996,-9.2872040000645],[147.949790999655,-9.28713599962646],[147.947787999916,-9.28798800024595],[147.945980000177,-9.2892289999183],[147.943592999817,-9.28981299986981],[147.940889000127,-9.28981299986981],[147.937712000209,-9.28896400028833],[147.935802000262,-9.28825099978379],[147.93349600004,-9.2881850003372],[147.931138000119,-9.28836100035971],[147.924804000305,-9.28665299983601],[147.921966999877,-9.28552399993259],[147.920357000276,-9.28533300011771],[147.918176000422,-9.28560400002453],[147.916046000223,-9.28600300043798],[147.914956000319,-9.28715799974181],[147.914654999929,-9.28847500022097],[147.914841999559,-9.2902310002604],[147.914848999882,-9.29184500004664],[147.915232999603,-9.2939679999231],[147.914529000413,-9.29554799994019],[147.913901000231,-9.29654099986721],[147.91030900006,-9.29955200022455],[147.908124000023,-9.29985099962392],[147.90392999997,-9.29860000038957],[147.901798999724,-9.297014000096],[147.902458000436,-9.29322599987984],[147.903544000156,-9.29058899968249],[147.90331699958,-9.28869999980492],[147.902997000112,-9.28739099969482],[147.902015999839,-9.28658700038967],[147.899997000262,-9.28581800000057],[147.898222000245,-9.28537100007145],[147.893656000124,-9.28427900007575],[147.892360999761,-9.28375200005461],[147.889977999585,-9.28087899976601],[147.888410000121,-9.27968200032398],[147.887434000079,-9.27902699979609],[147.885498999879,-9.27666499968996],[147.883307999565,-9.2747169997897],[147.882203999915,-9.27356799986314],[147.881675999848,-9.27160500017055],[147.88175599994,-9.26996099990015],[147.880712000359,-9.26935399978721],[147.879797999578,-9.26820399981466],[147.878089999954,-9.26759499960951],[147.87632999973,-9.26740499984083],[147.875966000031,-9.26634799966031],[147.875117000449,-9.2649609995504],[147.873693999579,-9.2640190001767],[147.871792000001,-9.2618679999082],[147.869440000356,-9.26038299977558],[147.867280999718,-9.25808499992275],[147.864017000285,-9.25404599982296],[147.863616999825,-9.25240199955255],[147.864098000422,-9.24956099984019],[147.864197999638,-9.24799300037659],[147.862963000242,-9.24571399960138],[147.860978999581,-9.24437299981406],[147.859933999954,-9.24278999965867],[147.8599220003,-9.2401949995994]]]},"properties":{"FID":79,"District":"RIGO","Province":"CENTRAL"},"id":79},{"type":"Feature","geometry":{"type":"Polygon","coordinates":[[[148.254167000307,-9.74146399956379],[148.108333000268,-9.9208330001428],[148.108333000268,-10.0249999996502],[148.004166999907,-10.0249999996502],[147.926151000369,-10.0935850004474],[147.9448229,-10.1186461],[147.9402757,-10.1372286],[147.9606558,-10.1418704],[147.96391,-10.1588772],[147.9827388,-10.168145],[148.0186042,-10.1511494],[148.0545242,-10.1372286],[148.1139961,-10.1372286],[148.1577944,-10.1062442],[148.1826229,-10.1087054],[148.2093651,-10.0977414],[148.2361458,-10.1118364],[148.2550349,-10.1259175],[148.2770511,-10.1399845],[148.3022293,-10.1274812],[148.3305114,-10.1415467],[148.3492505,-10.1836595],[148.3790644,-10.188331],[148.4005247,-10.2053885],[148.4758466,-10.2069441],[148.5167119,-10.1944946],[148.5623232,-10.1820342],[148.6078311,-10.1867081],[148.6375804,-10.1960514],[148.6578729,-10.1918133],[148.697499,-10.1637468],[148.712813,-10.1933709],[148.740555,-10.2291488],[148.7642185,-10.2382251],[148.8221584,-10.2473918],[148.8823822,-10.2382251],[148.9356553,-10.2588444],[148.9644149,-10.2859847],[149.0036729,-10.2630245],[149.0638349,-10.2354381],[149.1335021,-10.2446377],[149.1822894,-10.2653217],[149.2611737,-10.2905737],[149.33765,-10.3157945],[149.3678051,-10.2928678],[149.3955754,-10.313503],[149.4602794,-10.3592843],[149.529666,-10.3684283],[149.5784221,-10.3432726],[149.6663862,-10.3455607],[149.666667000182,-10.033332999918],[149.568007000123,-10.0351700000953],[149.559788999763,-10.0351580004412],[149.556766999797,-10.0350170002343],[149.554115999854,-10.035531999702],[149.550546999844,-10.035642000278],[149.547258000157,-10.0361549996534],[149.54546500021,-10.0365069996981],[149.542853000266,-10.0351239997727],[149.540874999882,-10.0344629998674],[149.538532999798,-10.0328469999891],[149.536235999992,-10.0317909998547],[149.534091,-10.0308460003426],[149.532015999639,-10.0307509995589],[149.530087999762,-10.0299399999309],[149.527526000325,-10.0301250003684],[149.525050000357,-10.0295659997709],[149.523478999856,-10.0277630002622],[149.522553000321,-10.0263669997371],[149.520353999638,-10.0260539996922],[149.51849100006,-10.0254859995792],[149.517421000179,-10.0255810003628],[149.515857000001,-10.0250199996731],[149.514383000375,-10.0234589996331],[149.513485000333,-10.0224590002825],[149.51271699999,-10.0214509996639],[149.511516000363,-10.0196019998324],[149.510769000089,-10.0177920000007],[149.510211000438,-10.016640999982],[149.509228000072,-10.0142860001987],[149.508814999913,-10.0135989999938],[149.508442999845,-10.012942000273],[149.506325000199,-10.0113070004176],[149.503775999563,-10.0112359998415],[149.500106000292,-10.0101090000302],[149.498033000023,-10.0043560000293],[149.495627999733,-10.0009910004342],[149.493505999902,-9.99894399956588],[149.490570000306,-9.99797499984624],[149.485718999632,-9.99801199975376],[149.482538999575,-9.99867299965917],[149.478219000007,-9.99939299958721],[149.472556999706,-9.99649499994422],[149.469244999857,-9.99622199994531],[149.46785200037,-9.99591700026923],[149.46626500003,-9.99370599993182],[149.466824999774,-9.99151399957139],[149.467354999933,-9.99072199992031],[149.468346999814,-9.98873399997399],[149.469514999717,-9.98575400014687],[149.470580000267,-9.98263800034335],[149.471140000011,-9.98134199993326],[149.471483999687,-9.97988100000807],[149.47144699978,-9.97493000011935],[149.470688999898,-9.97180900008517],[149.469841000362,-9.9702890001372],[149.467459000233,-9.96802800019202],[149.466345000122,-9.965972999854],[149.466018000331,-9.96449900022845],[149.465822000285,-9.96353099965586],[149.462180999653,-9.95997999957729],[149.461160000234,-9.95808999965374],[149.459687999801,-9.95702800014204],[149.457823000131,-9.95701500044181],[149.45623899993,-9.95706299995744],[149.45538700021,-9.9572250002335],[149.453564999825,-9.95839300013678],[149.452204000015,-9.95988899987742],[149.450657999767,-9.96130300033315],[149.448659000213,-9.96321500037186],[149.445104999996,-9.96416300002238],[149.442016999685,-9.96606699969226],[149.439343999626,-9.96617200003756],[149.437337999749,-9.9671769996188],[149.435340000241,-9.96933700030224],[149.432747000274,-9.97111300036454],[149.430209000146,-9.97162100040861],[149.428310999853,-9.97186399992347],[149.426479999952,-9.97179500033895],[149.425013999797,-9.97164000038561],[149.421258000157,-9.97125499971845],[149.419337999749,-9.97151600006334],[149.417785000078,-9.97193999983108],[149.41641299976,-9.97211499980734],[149.414404999791,-9.97295499987331],[149.410365999691,-9.9714159999483],[149.409353999787,-9.9706810002279],[149.409253999672,-9.96952600002482],[149.408937000342,-9.96803200037636],[149.40906499995,-9.96708800001102],[149.408114000161,-9.96384000041558],[149.407827999563,-9.96227500019098],[149.407071999773,-9.96043199973695],[149.406224000238,-9.9588000000199],[149.40513000015,-9.95635200044433],[149.40391699997,-9.95322500013355],[149.403813999716,-9.9517410000471],[149.403707000178,-9.94951299982506],[149.403914999877,-9.94901000001146],[149.40497400015,-9.94760600001679],[149.406061999961,-9.94619599974549],[149.40732999998,-9.94428799989123],[149.407003000189,-9.94166700043161],[149.304176000422,-9.94165900006277],[149.304329000283,-9.9415989999938],[149.304726999752,-9.94131600043301],[149.305267000372,-9.94083799997356],[149.305747000024,-9.94020599960709],[149.305803999955,-9.93987100034634],[149.305821999886,-9.93967100011645],[149.305816999655,-9.93941900018654],[149.305712000209,-9.93932799958748],[149.305640999633,-9.93915199956503],[149.30552999991,-9.9388849998428],[149.305386999611,-9.93839100044425],[149.305247000349,-9.93800599977697],[149.305181000003,-9.93790599966212],[149.305030000234,-9.9377699996856],[149.304986000004,-9.93767299970911],[149.304976999589,-9.93725500021797],[149.304993000327,-9.93707099982669],[149.305081999935,-9.9367039999895],[149.305172999634,-9.93645900038252],[149.305338000049,-9.9361699996456],[149.30556899991,-9.93587300033859],[149.305720999724,-9.93581799960082],[149.305905000116,-9.93566299964766],[149.306534000344,-9.93536600034049],[149.306707000228,-9.93534000004088],[149.307008999766,-9.93526500017953],[149.307336999603,-9.93511599960351],[149.307670999717,-9.93492299969659],[149.307769999786,-9.93484499969692],[149.307909999947,-9.9346770000434],[149.307954000177,-9.93458899958245],[149.308007999969,-9.93440600013657],[149.308029000038,-9.93421999965318],[149.308021999716,-9.9340319999767],[149.3079869999,-9.93384400030028],[149.30787800027,-9.93345000011738],[149.30785199997,-9.93316100027971],[149.307764999555,-9.93306999968069],[149.30776100027,-9.93283899981993],[149.30781299997,-9.93253900037445],[149.307957000316,-9.93204900026109],[149.308018999578,-9.93174199959356],[149.308200999876,-9.93119699964171],[149.308249000292,-9.93087400003499],[149.308365000245,-9.93064999959768],[149.30840000006,-9.93040900017501],[149.308596000105,-9.93008200038389],[149.308783999782,-9.92990100013088],[149.309128000357,-9.92936399964884],[149.309238000034,-9.92907499981135],[149.309292999872,-9.92897000036504],[149.309482999641,-9.92873700041213],[149.309949999593,-9.92804800011488],[149.310529000213,-9.92737999988702],[149.310749999613,-9.92716299977246],[149.311386000164,-9.92659999988978],[149.311559000048,-9.92642299982147],[149.311667999679,-9.92628899993719],[149.31172200037,-9.92615500005308],[149.31185200007,-9.92546000037868],[149.311898000392,-9.9253309998257],[149.312095999631,-9.92510200005712],[149.312327000391,-9.92493300035757],[149.31258199956,-9.92478599987391],[149.312937999789,-9.92462299955172],[149.313185000388,-9.92446200022108],[149.313445999833,-9.92421300042958],[149.313659999809,-9.92397400019973],[149.313963000292,-9.92253500038976],[149.314036000061,-9.92232999992934],[149.314253000176,-9.9218310003002],[149.314401999853,-9.92156799986327],[149.314891999966,-9.92087200014266],[149.315342000034,-9.92016299982244],[149.315405000241,-9.92005300014568],[149.315541000217,-9.91974899961664],[149.315598000148,-9.919672999709],[149.315674000055,-9.91960500017046],[149.315710999963,-9.91941400035581],[149.315679000286,-9.91932399980261],[149.315647999755,-9.91838499966798],[149.315677000193,-9.9181040001994],[149.315712000009,-9.91797699973865],[149.315829000008,-9.9177409996474],[149.316143000099,-9.91729799990265],[149.316340000191,-9.91695500027288],[149.316421000329,-9.91672300036612],[149.316498000283,-9.9163969997216],[149.316573000144,-9.91621700041405],[149.317067999589,-9.91562199995519],[149.317172999934,-9.91541000007136],[149.317194000003,-9.91530100044076],[149.317195000049,-9.9151899998185],[149.317146999634,-9.91495699986553],[149.316832000397,-9.91420000002983],[149.316779999797,-9.91400199989232],[149.316758999728,-9.91375800033132],[149.316743999936,-9.91305500028797],[149.316795999636,-9.91263499980533],[149.316983000165,-9.91166199990135],[149.31715600005,-9.91112000008775],[149.317410000072,-9.91061200004372],[149.31747000014,-9.91045299990589],[149.317492000256,-9.91025499976838],[149.317488000071,-9.90975199995471],[149.317462999818,-9.90959299981706],[149.317333000118,-9.90947199963297],[149.317242000418,-9.90901700023419],[149.31712200028,-9.90887499998122],[149.317067999589,-9.90858400005153],[149.317004000235,-9.90853100030535],[149.31699499982,-9.90836299975257],[149.317028000442,-9.90815199991481],[149.317112999865,-9.90796500028443],[149.317138000119,-9.90741600014814],[149.317181000303,-9.90705100040317],[149.317048999612,-9.90688099975832],[149.316746000028,-9.90633899994481],[149.316687000005,-9.90612800010706],[149.316678999636,-9.90595800036142],[149.316705999982,-9.90578100029291],[149.31673500042,-9.90569499992422],[149.317172999934,-9.90483599988142],[149.318343999976,-9.90433800029824],[149.31856100009,-9.90423399999901],[149.318784999628,-9.90409199974585],[149.319020999719,-9.90389599970058],[149.319362000157,-9.90351800025536],[149.31955600011,-9.90323899997975],[149.319794000293,-9.90283600028107],[149.319952000385,-9.90250400025929],[149.320076999854,-9.90213600037601],[149.320259000153,-9.90173800000866],[149.320339000245,-9.9015009998712],[149.320705000036,-9.90125800035628],[149.321031999827,-9.901085999619],[149.321253000126,-9.90100999971167],[149.321566000171,-9.90094799955039],[149.322824999774,-9.90088900042684],[149.323649000002,-9.90076700019681],[149.323740999747,-9.90073899980496],[149.324049999608,-9.90060299982844],[149.324506999998,-9.90048599982891],[149.324628000182,-9.90046799989824],[149.324974999996,-9.90048199964452],[149.325627000386,-9.90059600040507],[149.325792999947,-9.90061300028969],[149.326239999876,-9.90059999969014],[149.326785999874,-9.90055200017441],[149.32678699992,-9.90029800015253],[149.326762999713,-9.89991300038463],[149.326718000336,-9.89956200038597],[149.326644999667,-9.89935199969505],[149.32631699983,-9.89891999955825],[149.326011000108,-9.89842600015971],[149.325862000431,-9.8983229999065],[149.325792999947,-9.89821200018361],[149.325686000409,-9.89785199976989],[149.325494999695,-9.89691799986559],[149.325396999672,-9.89665799956697],[149.325319999718,-9.89654699984413],[149.324913999881,-9.89605599968458],[149.324752999651,-9.89578899996229],[149.324601999883,-9.89569300003188],[149.324419999583,-9.89552200024008],[149.324245999653,-9.8953139996413],[149.324055999885,-9.89490100038074],[149.324018999977,-9.8947909998047],[149.323997999908,-9.89466000005888],[149.324001000046,-9.89439100024436],[149.323893999609,-9.89394899964656],[149.323750000163,-9.89379099955489],[149.323610000002,-9.89359000017829],[149.323313999841,-9.89336399964879],[149.323140999957,-9.89318699958035],[149.322940999727,-9.89284900018118],[149.322642000328,-9.89240999972163],[149.322217999661,-9.89172200036995],[149.321799000124,-9.89117999965719],[149.321688000401,-9.89094899979644],[149.321649000401,-9.89078500032748],[149.321613999687,-9.89050399995961],[149.321607000263,-9.89033100007544],[149.321619999963,-9.89019600014526],[149.321691999686,-9.89000899961554],[149.321862000331,-9.88972900019314],[149.32198199957,-9.88934699966416],[149.322099999615,-9.88919900003379],[149.322128000007,-9.88909699982662],[149.322114000261,-9.88812600001466],[149.322085999869,-9.88788999992335],[149.322005999777,-9.88746600015566],[149.321997000262,-9.88731400034079],[149.3220259998,-9.88712999994931],[149.322095000284,-9.88690999969662],[149.322139999661,-9.88651899965207],[149.322180999754,-9.88641100006754],[149.322402000052,-9.88607699995349],[149.322519000052,-9.88585200036938],[149.322842999705,-9.88495899965802],[149.322887999981,-9.88476899988939],[149.322912000189,-9.88459099977468],[149.322921999751,-9.88441099956794],[149.32290399982,-9.88415100016829],[149.322990000188,-9.88401500019205],[149.323047000119,-9.88387399998498],[149.323253999772,-9.88360900035503],[149.323309999657,-9.8834090001252],[149.323573000094,-9.88296799957335],[149.3238700003,-9.88231900022163],[149.324167999654,-9.88173600031605],[149.324525999975,-9.88125199958],[149.324668000228,-9.88110499999568],[149.324789999559,-9.88100399983466],[149.325178000365,-9.88076100031975],[149.325332000272,-9.88070999976663],[149.325711999809,-9.88052300013628],[149.326051000154,-9.88038600011373],[149.32639499983,-9.88016099963034],[149.326539000175,-9.88001600013808],[149.326701999598,-9.87974200009313],[149.326851000174,-9.87943500032496],[149.326951000289,-9.87918999981849],[149.327027000196,-9.87894400016541],[149.327248999642,-9.87807499966142],[149.32745200001,-9.87750899964049],[149.327556000309,-9.87735199959502],[149.327665999986,-9.87724600010279],[149.328145999638,-9.87688599968909],[149.328312000099,-9.87677600001224],[149.328414000306,-9.8766539997822],[149.328514999568,-9.87657299964418],[149.328575999683,-9.87640800012907],[149.32874300019,-9.8755910002244],[149.328808999636,-9.87551999964797],[149.329478999956,-9.87535300004079],[149.329842999655,-9.87528000027169],[149.330022999862,-9.87526000024871],[149.330673000159,-9.87524300036405],[149.330764999905,-9.87518500038738],[149.330934999651,-9.87517399988014],[149.331139000065,-9.87502900038801],[149.331543999856,-9.87481699960467],[149.332254000222,-9.87390099963136],[149.332558999898,-9.87365299988579],[149.332667000382,-9.87362300030112],[149.332779000151,-9.87356100013994],[149.333158999688,-9.87352500027846],[149.333359999964,-9.87349099960977],[149.333514999917,-9.87350900043993],[149.333998999754,-9.87336199995617],[149.334410999868,-9.87320299981856],[149.334640999683,-9.87308499977275],[149.334863000028,-9.87294499961195],[149.335650000347,-9.87236099966026],[149.335863000278,-9.87224199956842],[149.33639499963,-9.87198700039954],[149.336560000044,-9.87194000003081],[149.336662000251,-9.87192600028465],[149.33727000041,-9.87193399975423],[149.337432999833,-9.87192300014625],[149.337920999854,-9.87181200042341],[149.338206999553,-9.87168499996273],[149.33871699969,-9.87120200017206],[149.338825000174,-9.87113199964199],[149.339031999827,-9.87103100038031],[149.339186999781,-9.8708839998966],[149.339345999918,-9.87077999959723],[149.33958200001,-9.8706730000589],[149.339724000262,-9.87062799978219],[149.340026999846,-9.87057099985167],[149.34027799973,-9.87054599959817],[149.340760000374,-9.87069800031225],[149.341124000073,-9.87077800040426],[149.341441000302,-9.87080499985081],[149.341728000047,-9.87078099964322],[149.341895999701,-9.87072999998947],[149.342048000415,-9.87065500012812],[149.342746000228,-9.87021899980692],[149.342901000181,-9.87009200024558],[149.343082000434,-9.86958200010907],[149.343108999881,-9.86939999981007],[149.343054000042,-9.86904499962697],[149.342983000365,-9.868770000435],[149.342902000227,-9.86853000015936],[149.342898000043,-9.86829099992971],[149.342980000227,-9.8678300002543],[149.343154000157,-9.86726400023338],[149.343328000087,-9.86693799958886],[149.343536999833,-9.86668300042005],[149.343627000386,-9.86646600030553],[149.343828999809,-9.86605600028407],[149.34402099967,-9.86586400042309],[149.344070000131,-9.86577900010066],[149.34413500043,-9.86559499970928],[149.34430400013,-9.8654199997331],[149.344608999806,-9.86500100019595],[149.344938999735,-9.86403499971538],[149.345032000426,-9.86382299983154],[149.345095999781,-9.86371600029315],[149.345266000426,-9.86349199985574],[149.345811000378,-9.86286599976592],[149.345991999731,-9.86260999965168],[149.346053999892,-9.86249099955984],[149.3460909998,-9.86238099988316],[149.346109999777,-9.86218599988394],[149.346058000077,-9.86166200000121],[149.346001000146,-9.86143999965617],[149.3459090004,-9.86118499958793],[149.345890000423,-9.8610830002802],[149.345888000331,-9.8608219999353],[149.345923000147,-9.86052999995951],[149.346133999984,-9.86016400016841],[149.346536999683,-9.85997000021519],[149.346731999682,-9.85979600028509],[149.346886999635,-9.85960999980159],[149.346942000373,-9.85951499991712],[149.346977000189,-9.85938700030978],[149.346965999681,-9.85886399957389],[149.346701000051,-9.8585480002899],[149.3459090004,-9.85755200022453],[149.345769000239,-9.85733500011003],[149.345399000264,-9.85669000004345],[149.345034999666,-9.85625099958389],[149.345000999897,-9.8561199998381],[149.344973000404,-9.85551299972497],[149.344953000381,-9.85539499967934],[149.344910000196,-9.85530500002568],[149.344767999943,-9.85515100011844],[149.344683999667,-9.85494399956582],[149.344610999898,-9.85488300035002],[149.344347000314,-9.85471899998181],[149.343943999716,-9.85437400025985],[149.343544000156,-9.85414100030682],[149.342923000297,-9.85366800007807],[149.34266500009,-9.85342999989451],[149.342449000021,-9.85313899996482],[149.342360000414,-9.85303100038038],[149.342353000091,-9.85274199964352],[149.342286999745,-9.85263900028957],[149.342062000161,-9.85254300035913],[149.341975999793,-9.85245900008266],[149.341911000393,-9.85230300008334],[149.341718999632,-9.85166100015493],[149.341643999771,-9.85148400008643],[149.340976000442,-9.85046699995196],[149.34072200042,-9.85013099974577],[149.340644999567,-9.84994400011545],[149.340565000375,-9.84979799967772],[149.339955000124,-9.84882000044264],[149.339850999824,-9.84867900023557],[149.339747999571,-9.84856799961336],[149.339180000357,-9.84808699991499],[149.339061000265,-9.84793500010011],[149.338717999736,-9.84736499989475],[149.338545999898,-9.84712999984948],[149.338029000338,-9.84657799957495],[149.337581000363,-9.84620600040655],[149.337380000087,-9.8460100003611],[149.337225000134,-9.84579999967016],[149.337127000111,-9.84562899987834],[149.335411000118,-9.84429400036772],[149.334668000028,-9.84429899969888],[149.333150000172,-9.84531699987958],[149.331378000295,-9.84702999973455],[149.330867000112,-9.84860999975161],[149.329230000164,-9.85095900015768],[149.32701300045,-9.85290299987343],[149.325350000203,-9.85433900044444],[149.323401000256,-9.85477199972791],[149.321903000423,-9.85542400011729],[149.321123000426,-9.85586099958539],[149.319558000202,-9.8563460003676],[149.318165999861,-9.85669000004345],[149.316063000008,-9.85566100025488],[149.312241000022,-9.85458500009764],[149.310353000191,-9.85416999984551],[149.30926500038,-9.85386300007729],[149.307589999579,-9.85362299980148],[149.304990000188,-9.85397599989245],[149.303415000402,-9.85474100009696],[149.302025000154,-9.85533799974877],[149.299431000141,-9.85661300008974],[149.297093000242,-9.85461699977469],[149.295670000271,-9.85051899965197],[149.294769000089,-9.84814699998402],[149.294050000208,-9.8459440000155],[149.295621999855,-9.84234300032915],[149.295141000157,-9.84113300028765],[149.294667999928,-9.8399630002922],[149.293260999796,-9.83821199958402],[149.292326999891,-9.83746400016338],[149.291580999663,-9.83721699956477],[149.290740999598,-9.83672000002793],[149.288639999836,-9.83584700023868],[149.287106000142,-9.83523499989531],[149.284225000384,-9.83525499991829],[149.282366000091,-9.83535099984875],[149.280601999683,-9.83561500033176],[149.279117000449,-9.83596000005378],[149.277073999765,-9.83622499968385],[149.274571000352,-9.83724800009509],[149.272441000152,-9.83835199974483],[149.269951000439,-9.83766699963229],[149.268335999707,-9.83773099988571],[149.26537399981,-9.83798099972319],[149.26323900028,-9.84025100008347],[149.260744000336,-9.84151199977891],[149.257867999908,-9.84138400017146],[149.255988999593,-9.84088999987352],[149.253301999788,-9.84013900031453],[149.251509999887,-9.83932499964892],[149.250071000077,-9.83929299997192],[149.248598999644,-9.83836799958346],[149.247496000041,-9.8365320003515],[149.246670999767,-9.83517099964178],[149.245730000439,-9.83350099997115],[149.244974999797,-9.83174499993168],[149.244678999636,-9.82931600033311],[149.245309999957,-9.8262940003678],[149.245563999979,-9.82260300012832],[149.246001000346,-9.81849300035146],[149.245702000048,-9.81555999999398],[149.24660000009,-9.81217400032973],[149.244456000145,-9.8120469998691],[149.243657000171,-9.81171099966276],[149.243608999756,-9.81070600008167],[149.244295999961,-9.8100189998769],[149.245287999841,-9.80824800004502],[149.24570400014,-9.8064760001671],[149.245448000026,-9.80518299989541],[149.243289000287,-9.80428900003728],[149.241753999647,-9.80446400001341],[149.240731000136,-9.80518299989541],[149.238714999798,-9.80687499968133],[149.237884000147,-9.80834299992944],[149.237164000219,-9.81014700038366],[149.236475999968,-9.81161599977845],[149.235820000293,-9.81392900032302],[149.234540999768,-9.8157980001775],[149.232509999637,-9.81689799964295],[149.230621999806,-9.81673900040448],[149.228302999884,-9.81530199978739],[149.227215000072,-9.81517400017993],[149.225584000401,-9.81677000003532],[149.222406000437,-9.82074399983567],[149.22082600042,-9.82075500034283],[149.220712999705,-9.8177369996627],[149.221904999816,-9.8146320003665],[149.222945000112,-9.81185399996191],[149.223984000361,-9.80997100036132],[149.22439999976,-9.80824800004502],[149.225760000424,-9.80516700005689],[149.225424000218,-9.80304400018036],[149.2240000002,-9.80199000013817],[149.222283000161,-9.80221699981463],[149.220531000306,-9.80432499989876],[149.219440000356,-9.80487600012714],[149.217376999649,-9.80425500026798],[149.216355000183,-9.80213399958425],[149.217524000133,-9.79948199959449],[149.21782599967,-9.79702599965014],[149.217754999993,-9.79658199985926],[149.217530999556,-9.79527299974905],[149.216845000297,-9.79521000044105],[149.215359000118,-9.79538799965628],[149.213731999732,-9.79586099988518],[149.211458000087,-9.79574900011619],[149.208020999869,-9.79602300016127],[149.206162999623,-9.79611800004564],[149.203280999819,-9.79613700002233],[149.2021689998,-9.79664700015889],[149.200966000081,-9.79741000027128],[149.200009000015,-9.79700899976536],[149.197216999865,-9.79464599961308],[149.195339999641,-9.79427999982203],[149.193548999787,-9.79466300039713],[149.192026999746,-9.79495300028072],[149.189805999847,-9.79639200009058],[149.186839999766,-9.79967600044687],[149.184712999705,-9.79859099987465],[149.182319999968,-9.79434300002936],[149.181024999604,-9.7925710001515],[149.180497000437,-9.79017800041436],[149.180672999559,-9.78824700039867],[149.179729000093,-9.78644299994432],[149.179009000165,-9.78412800020698],[149.178801999613,-9.78155800040121],[149.17852999966,-9.77852599997476],[149.177858000147,-9.77584400040025],[149.179140999957,-9.77274000025079],[149.178953000281,-9.7712269997262],[149.176657999667,-9.76969800026246],[149.175075000411,-9.76950700044752],[149.17275599959,-9.76989000012332],[149.171172000288,-9.77022500028347],[149.169777999855,-9.77080700014291],[149.168915999674,-9.77137500025594],[149.168176999769,-9.77204999990751],[149.166511000283,-9.77306700004192],[149.165218000011,-9.77441600019808],[149.164111000223,-9.77568100007801],[149.163190000018,-9.77694399986559],[149.161895999701,-9.77804300018425],[149.160041999639,-9.77880900043487],[149.159020000173,-9.77898300036515],[149.15338700031,-9.77621100023743],[149.150172000438,-9.77467899973601],[149.148950999889,-9.77410000001488],[149.146990000289,-9.77260400027427],[149.145386000064,-9.77080700014291],[149.143801999862,-9.76925799975687],[149.143614000186,-9.76613899981493],[149.143597000301,-9.76353700033218],[149.144494000298,-9.75975400034673],[149.145038000204,-9.75509300034168],[149.144749000366,-9.75384799958534],[149.143055999635,-9.75334499977169],[149.141870999847,-9.75391199983886],[149.140630000174,-9.75573200013167],[149.138599000044,-9.75703199982685],[149.136458000237,-9.75502800004205],[149.135705999732,-9.75416599986096],[149.133634000409,-9.75253900037433],[149.130850999774,-9.75220400021436],[149.129665999986,-9.75225499986822],[149.126321999561,-9.75310999972652],[149.125284000257,-9.7524239995679],[149.125029000189,-9.75116600001081],[149.124933000258,-9.75031999966814],[149.123429000149,-9.74976099997014],[149.121333999764,-9.7498250002235],[149.120261999792,-9.75019200006063],[149.117846999939,-9.75207599970747],[149.11629600036,-9.75383199974681],[149.114919999858,-9.75526800031787],[149.114358000022,-9.75654299975959],[149.113720000278,-9.75718799982617],[149.113158000442,-9.75789199991568],[149.11158699994,-9.75924300016431],[149.11038700036,-9.76050800004402],[149.107424000418,-9.76228700024484],[149.103899999785,-9.76365000014732],[149.100833999589,-9.76383699977749],[149.098418999737,-9.76393499980033],[149.097022000065,-9.76352499977883],[149.095996000415,-9.76302800024194],[149.095183999842,-9.76364800005501],[149.094528000167,-9.76548300014025],[149.094160000284,-9.76664499976682],[149.093795999686,-9.76790500031542],[149.092481000198,-9.76982499982369],[149.091588000386,-9.77143999965615],[149.090661999952,-9.77203199997671],[149.088707999775,-9.77170900037003],[149.086011999554,-9.7715579997019],[149.0841429997,-9.76997599959263],[149.082927000281,-9.76880999978164],[149.080661000105,-9.76867599989737],[149.078980999973,-9.76913899966508],[149.077061999612,-9.76971300005488],[149.073030999881,-9.77242700020578],[149.071991999631,-9.77407499976135],[149.071631000071,-9.77583800012349],[149.071111000373,-9.77758299965547],[149.070726999752,-9.77917900041052],[149.06994299957,-9.78063199996671],[149.068328999784,-9.78298499965792],[149.067623999648,-9.78430200013697],[149.066958000412,-9.78668200017405],[149.06706499995,-9.78902899958859],[149.065965999631,-9.79157600013223],[149.064081999984,-9.79408099963838],[149.062146999784,-9.79676300011232],[149.061633000363,-9.79744700017887],[149.059931000116,-9.79881200017359],[149.058924000442,-9.80026399968382],[149.058211999984,-9.80031800037541],[149.054899000089,-9.80110799993423],[149.052083999777,-9.80080500035046],[149.050211999784,-9.79944399964074],[149.047974,-9.7981999998301],[149.046010000262,-9.79628399960682],[149.043584999948,-9.79495699956578],[149.039960000054,-9.79506199991129],[149.037262999788,-9.79491100014241],[149.035403000348,-9.79475400009698],[149.033728999594,-9.79451299977507],[149.029443999841,-9.79302899968854],[149.025253999972,-9.79074200034291],[149.024083999977,-9.79281899989684],[149.022673999705,-9.79566900002431],[149.02079999962,-9.79624100032179],[149.017912000439,-9.79516800030286],[149.014390999945,-9.79404099959243],[149.012924999789,-9.79370400023937],[149.011132999888,-9.79322199959553],[149.010107000238,-9.79272500005862],[149.008709999667,-9.79231399999106],[149.006570999952,-9.79207499976139],[149.004247999845,-9.79179799957796],[149.003447999826,-9.79087200004275],[149.00273500022,-9.78790499991578],[149.00243900006,-9.78505599983443],[149.001770999832,-9.78220899984542],[149.001459999879,-9.77684499979682],[149.000528000067,-9.77634700021377],[148.994610999698,-9.77778900016216],[148.992131999592,-9.7758259995701],[148.991505000356,-9.77522599977995],[148.990570999552,-9.77447700031315],[148.988979999927,-9.77272599960515],[148.988776999559,-9.76987600037706],[148.987702000347,-9.76754099971715],[148.987274000395,-9.7671179999955],[148.986015999939,-9.76663800034329],[148.982243999561,-9.76530299993342],[148.980728999844,-9.76319499984926],[148.980073000169,-9.76231699982953],[148.978310999853,-9.76037800034436],[148.974443000444,-9.75659100017447],[148.972876000127,-9.75539399983313],[148.971930999716,-9.75354199986333],[148.971915999924,-9.75117999975697],[148.972538999875,-9.74880199981239],[148.971164000318,-9.75055499971342],[148.969176000372,-9.75085400001201],[148.96758699994,-9.75129399961834],[148.966081999784,-9.75237900019068],[148.965448000226,-9.75281300041956],[148.964419000437,-9.75368099997815],[148.963710000117,-9.75490499976587],[148.96339499998,-9.75555299997092],[148.963241000072,-9.75634300042901],[148.96278199959,-9.75767299970915],[148.9621429998,-9.75907799974983],[148.961353000241,-9.76015900013773],[148.960405999737,-9.7615280003169],[148.959302000087,-9.76311399971127],[148.958173000184,-9.76631900002173],[148.958560000044,-9.76785899999282],[148.958572999744,-9.77126599972603],[148.955535999987,-9.77225200022957],[148.953953999877,-9.77391200033833],[148.953166999557,-9.77549599964061],[148.952384000321,-9.77758199960949],[148.951677000094,-9.77916499976488],[148.950946999704,-9.78158699993998],[148.950982000419,-9.78290200032694],[148.950710999613,-9.78458899988238],[148.9500000001,-9.78631000010632],[148.950074999961,-9.78712399987268],[148.949858999893,-9.78837099982156],[148.949764000009,-9.78963200041642],[148.950355000283,-9.79150000022481],[148.95069099959,-9.79402199961555],[148.950436999568,-9.79653799962893],[148.950901000281,-9.79854899973635],[148.951003999635,-9.80020100037575],[148.950899000189,-9.80165199983981],[148.950242999615,-9.80248200034403],[148.950259000353,-9.80345600029414],[148.950739000005,-9.80484499959697],[148.950637999844,-9.80685999988896],[148.951101999658,-9.80946200027097],[148.951154000257,-9.81233200042147],[148.951326000095,-9.81455599955967],[148.952258999953,-9.81644899962152],[148.953089999604,-9.81822100039864],[148.954018000131,-9.81933799974871],[148.954818000151,-9.82010500004555],[148.955457999987,-9.82222699987602],[148.955201999873,-9.82348899961761],[148.954733999874,-9.82559100032439],[148.954574999737,-9.8276330000628],[148.953598999694,-9.82951599966362],[148.95316899965,-9.83012199973024],[148.951795000139,-9.83154899988626],[148.951170000096,-9.83292500038841],[148.95160000014,-9.83407899964606],[148.952803999905,-9.83579499963946],[148.954409000175,-9.83801100020732],[148.955886999985,-9.83964800015503],[148.956734000374,-9.84194700005385],[148.958339999791,-9.84330000039466],[148.959647999855,-9.84449399969827],[148.95990399997,-9.84559600015517],[148.959471999833,-9.84717600017222],[148.959414999902,-9.85011299981501],[148.961183999642,-9.85311799989569],[148.962149000077,-9.85490699965817],[148.963352999841,-9.85647900020563],[148.964633000413,-9.85761999976308],[148.966070000131,-9.85840099980619],[148.967981000123,-9.85846199992131],[148.969970000115,-9.85830599992186],[148.972754999944,-9.85814699978413],[148.973872000193,-9.85864300017421],[148.974353999937,-9.85949499989431],[148.975319000372,-9.86100300018819],[148.975645000117,-9.86229300032147],[148.976923999743,-9.86329199962603],[148.979444999987,-9.86481899989691],[148.981601999633,-9.86480800028892],[148.982347999861,-9.86505299989597],[148.98186500007,-9.86743199988683],[148.982442999745,-9.86777999974714],[148.98316099958,-9.86791999990788],[148.983479999902,-9.868132999838],[148.984197999738,-9.86841600029805],[148.984918999712,-9.86920099962634],[148.986041000192,-9.86974999976246],[148.986037000008,-9.87061900026665],[148.986930999866,-9.87195599986939],[148.987570999702,-9.8734209999791],[148.987098000372,-9.87414099990719],[148.986385999914,-9.87479200025059],[148.98553500024,-9.87529500006412],[148.984879999712,-9.87534299957969],[148.984441000152,-9.87571200040843],[148.983881000408,-9.87631799957581],[148.98385199997,-9.87696000040352],[148.983192000111,-9.87779200010066],[148.982431000091,-9.87897799993471],[148.982992999927,-9.87983599993128],[148.983397999718,-9.88091100004244],[148.983803000408,-9.88212800040686],[148.984134000384,-9.88420800009902],[148.984058999623,-9.88492599993492],[148.983508000294,-9.8860060002765],[148.982570000206,-9.88766799957841],[148.981797999678,-9.88958599989388],[148.981111000373,-9.89071899998175],[148.980519000052,-9.89205400039174],[148.979728999594,-9.89299100043423],[148.978923000196,-9.89428099966837],[148.982302000437,-9.89735500023295],[148.982785000228,-9.89821300022965],[148.983432000387,-9.89985999973914],[148.983520999994,-9.90143899970992],[148.984334999761,-9.90437700029826],[148.985383999572,-9.90673999955124],[148.985871000447,-9.9083160002831],[148.985773000424,-9.91055199997477],[148.985897999893,-9.91276599955114],[148.985031000381,-9.91420700035275],[148.984323000107,-9.91571899993187],[148.983536999833,-9.91730300013331],[148.982504999906,-9.91781100017744],[148.981642999725,-9.91872199992031],[148.98068300042,-9.91932900003314],[148.979739000055,-9.92120100002609],[148.976532999698,-9.92226499962981],[148.973993000377,-9.91893799998861],[148.97327000031,-9.9178660000158],[148.970716000343,-9.91678699972022],[148.969693999978,-9.91659399981315],[148.969150000073,-9.91629100022943],[148.967686000009,-9.91596000025374],[148.965901999578,-9.91560600011679],[148.96505700018,-9.91554500000165],[148.96266499959,-9.91498500025751],[148.961391000195,-9.91492100000398],[148.95932200011,-9.91507599995737],[148.957331000026,-9.9149440001654],[148.955338999895,-9.91466900007423],[148.953666000086,-9.9145350001901],[148.952310999653,-9.91418400019143],[148.950080000192,-9.91383800042322],[148.948919999758,-9.9144800003516],[148.946270999907,-9.91594200032302],[148.938854999659,-9.91383100010041],[148.937661000355,-9.91383800042322],[148.935668000178,-9.9140729995691],[148.933201999773,-9.91379200010062],[148.931532000102,-9.91401699968459],[148.930897999643,-9.91459500025899],[148.939684000117,-9.91942499996373],[148.94317400008,-9.92585299961616],[148.943634999756,-9.92787300013879],[148.94396899987,-9.93052700022077],[148.942062000062,-9.93125599966459],[148.940289000137,-9.93133799984878],[148.938673000259,-9.93105000005739],[148.93718199985,-9.92913900006465],[148.936459999829,-9.92821000039102],[148.935663999994,-9.92633999959128],[148.935712000409,-9.92503499966546],[148.934859999789,-9.9249090001502],[148.933195000349,-9.92620999989147],[148.932959000258,-9.92657100035121],[148.932802000212,-9.92700200044185],[148.932396000375,-9.92765099979359],[148.931762999963,-9.92846100027481],[148.929544000156,-9.92816400006842],[148.927951999585,-9.92810700013786],[148.924003000039,-9.92659799979771],[148.923012000204,-9.92607099977659],[148.920055999685,-9.92563999968622],[148.917267999719,-9.92536899977945],[148.91447799966,-9.92481000008127],[148.912727999898,-9.92510800033392],[148.910818999997,-9.92533399996404],[148.909068000188,-9.92555900044743],[148.906282000314,-9.92564700000901],[148.90317399998,-9.92501799978085],[148.899195999995,-9.92547200003276],[148.896177000169,-9.92656600012079],[148.894662999598,-9.92643100019042],[148.892434000229,-9.92651499956749],[148.890210000191,-9.92738900030201],[148.888147000384,-9.92862099955938],[148.886874000135,-9.9300190001767],[148.885457999587,-9.93165099989359],[148.883637000147,-9.93345600039398],[148.881654000432,-9.93475900022765],[148.880282000114,-9.93589400040771],[148.879081999635,-9.93694799955051],[148.878643000075,-9.93735999966418],[148.877931999662,-9.93829699970656],[148.875868999855,-9.93960099958628],[148.874841000112,-9.94082700036574],[148.873968000323,-9.94133500040982],[148.871663000147,-9.94192199960043],[148.87023900013,-9.94098599960416],[148.870123000176,-9.93712100033372],[148.868990000089,-9.93396899976944],[148.867312000049,-9.93282900025793],[148.864120000338,-9.93162699968616],[148.862445999584,-9.93127699973367],[148.859270999757,-9.93197699963873],[148.856883000251,-9.93310300030317],[148.855098999819,-9.93322599968008],[148.853899000239,-9.93296999956575],[148.852744000036,-9.93326899986437],[148.849324999749,-9.93415000002244],[148.847417999941,-9.93473399997395],[148.845510000087,-9.93524700024876],[148.843599000094,-9.93532999957961],[148.842165999662,-9.93540899962552],[148.840335999807,-9.93549099980977],[148.838664000044,-9.93564399967074],[148.837157999842,-9.93672900024314],[148.836605999567,-9.93773699996246],[148.83678699982,-9.93873500012001],[148.840926000035,-9.94144600013265],[148.841653000286,-9.94330899971044],[148.841587999986,-9.94589300016179],[148.841844000101,-9.94890699975804],[148.84140000031,-9.95018500023736],[148.839977000338,-9.95160600011673],[148.837595000209,-9.95316299997245],[148.836059999569,-9.95434399957588],[148.835260000449,-9.95536599994086],[148.835067999688,-9.95701000021125],[148.835276000287,-9.95841500025193],[148.835787999617,-9.96005899962307],[148.835947999801,-9.96254900023616],[148.83554800024,-9.96499100043429],[148.834908000404,-9.96692199955044],[148.833628999879,-9.96912599956511],[148.832414999653,-9.97142799960227],[148.831944000415,-9.97265100024339],[148.831072999819,-9.97358900033203],[148.829347000264,-9.97439199959093],[148.827891999716,-9.9747910000046],[148.826622999652,-9.97519299965711],[148.824314000191,-9.97527699993357],[148.822002999739,-9.9749310001655],[148.819614000186,-9.97501599958865],[148.81762600024,-9.97552899986336],[148.815003999835,-9.97640499979087],[148.813652999587,-9.97691399988111],[148.812614000236,-9.97696200029607],[148.810231000061,-9.97736399994859],[148.806171999938,-9.97774500043136],[148.802263999584,-9.97668900029709],[148.799965999731,-9.97448700037473],[148.800487000375,-9.97210400019931],[148.799997000261,-9.96988200025402],[148.798221000199,-9.96551200017859],[148.795668000278,-9.96452100034378],[148.793024999804,-9.96176700014691],[148.792937000243,-9.960299999945],[148.791651000294,-9.95793699979265],[148.790985000158,-9.95744400044016],[148.789893000162,-9.95694199977344],[148.788928999774,-9.95529600031007],[148.789558000002,-9.95385699960082],[148.791036999858,-9.9501929997071],[148.793116000403,-9.94519799958795],[148.794492000006,-9.94256400042821],[148.794284000307,-9.93973899965505],[148.793404000195,-9.93704100024182],[148.792508000244,-9.93651400022088],[148.790604999721,-9.93680200001222],[148.788046000423,-9.93665799966687],[148.786750000013,-9.93541299981008],[148.786413999806,-9.93488599978895],[148.784399000414,-9.93512600006478],[148.782480000052,-9.93413600027611],[148.781183999642,-9.93268299982054],[148.779840999762,-9.9322519997299],[148.777616999725,-9.934216000368],[148.775154000357,-9.93590800015397],[148.774673999805,-9.9386360000513],[148.772579000321,-9.94088799958148],[148.770884000397,-9.94226099994513],[148.769940000031,-9.9449580002114],[148.768308000314,-9.946665999836],[148.759864000324,-9.94929899984885],[148.756506000152,-9.94933100042528],[148.751461999572,-9.94752599992484],[148.749388000156,-9.94681899969704],[148.747815999609,-9.94591100009241],[148.746158999638,-9.94469599982051],[148.745371000172,-9.94478700041963],[148.744734999621,-9.94630999960669],[148.743737000362,-9.94727900022565],[148.7401559998,-9.94765699967064],[148.73776099997,-9.94659200002076],[148.734841000212,-9.94634200018299],[148.733005000081,-9.94534600011774],[148.732012000154,-9.94346399966368],[148.730570000205,-9.94189200001576],[148.729798999724,-9.94072900034291],[148.729837999724,-9.9390239999575],[148.729276999934,-9.93830900026007],[148.728398999914,-9.93781099977764],[148.724916000273,-9.93723200005672],[148.723045000327,-9.93680099996612],[148.722343000329,-9.93690899955066],[148.71947800041,-9.93811000007627],[148.718326000345,-9.93906700014179],[148.716865999566,-9.94031099995267],[148.714247000199,-9.94197600029213],[148.711786000024,-9.94327800007961],[148.707875999578,-9.94179299994687],[148.705392000141,-9.93886199968137],[148.702984999758,-9.9352850002025],[148.700588999883,-9.93386100018495],[148.696642000428,-9.9328169997047],[148.694226999676,-9.92892199995032],[148.695759000178,-9.9236909997398],[148.695671999763,-9.92294500041136],[148.695107999835,-9.92096599998081],[148.69286499982,-9.91832100031388],[148.689512999925,-9.9167590002276],[148.687752999701,-9.91518799972637],[148.685755000193,-9.91396299989237],[148.683634999556,-9.91386299977752],[148.679572000148,-9.91419799993759],[148.673653999732,-9.91349599994033],[148.668536000236,-9.91303300017262],[148.666644000221,-9.91321200033349],[148.663137000372,-9.91251100038233],[148.660819999643,-9.91108700036467],[148.658900000135,-9.90923000016431],[148.65674299959,-9.90780500010051],[148.655262999688,-9.90607300026859],[148.653980999923,-9.90435600022921],[148.651458999633,-9.90201500019209],[148.649463000217,-9.90073300042742],[148.647943000269,-9.89944799962542],[148.646835999582,-9.89855499981338],[148.642842999805,-9.89540700033264],[148.641223999788,-9.89323499999523],[148.6400260003,-9.89237900009067],[148.637314000241,-9.89131599963361],[148.635392999787,-9.889385999664],[148.632758999728,-9.88796299969254],[148.631317999826,-9.88639100004445],[148.629481999695,-9.8854669997022],[148.627485000233,-9.88631500013696],[148.625592000171,-9.88771099976264],[148.622740999997,-9.8898009999162],[148.620033000123,-9.8906100003511],[148.6182079996,-9.89176699974712],[148.61574300014,-9.89242500041337],[148.614073999616,-9.89300700027274],[148.610569999906,-9.89302400015737],[148.60754799994,-9.89375699978565],[148.6042079997,-9.89456200003611],[148.602616000028,-9.89464200012812],[148.600382000429,-9.8936470001089],[148.597511000233,-9.89272799999708],[148.595843999801,-9.89263800034333],[148.592815999559,-9.89200700002296],[148.589387999756,-9.89153199970172],[148.587962999693,-9.88977499961652],[148.587077000204,-9.88842899959849],[148.586256000114,-9.88675000041207],[148.585454000002,-9.88546100032484],[148.582661999852,-9.88439799986776],[148.580749999813,-9.8839760001921],[148.579786000324,-9.88232899978346],[148.579854999908,-9.88003099993057],[148.578170000445,-9.87723899977999],[148.575138000019,-9.87596100019987],[148.572032999823,-9.87597599999232],[148.568205999607,-9.87620999999149],[148.567641999679,-9.87387300013875],[148.567981000024,-9.87196100010005],[148.567468999795,-9.87054000022072],[148.566508999591,-9.86946800024795],[148.565071999873,-9.86868500011263],[148.564825000174,-9.86689100011951],[148.564653000336,-9.86416400026839],[148.563644999717,-9.8626050003204],[148.562731999882,-9.86201900027647],[148.558423999968,-9.8605239996827],[148.55340000031,-9.85839999976014],[148.551327000041,-9.85769200038544],[148.548777000259,-9.85712899960351],[148.54646499976,-9.85642200027491],[148.545189000272,-9.85606800013806],[148.542000999846,-9.85536500009466],[148.538893000412,-9.85459000032819],[148.537221999796,-9.8545779997748],[148.536185999684,-9.85460199998215],[148.53379500004,-9.85396600033063],[148.531718999632,-9.85261199994381],[148.533217000364,-9.84944599963307],[148.535078999896,-9.84562399964785],[148.535094999735,-9.84249500014403],[148.534759000428,-9.84094699980404],[148.533408000179,-9.83910600034152],[148.532769000389,-9.83867800038934],[148.53173000014,-9.83782100043862],[148.530850000027,-9.83689199986578],[148.530128000007,-9.83567500040085],[148.5298830004,-9.8343830001752],[148.529710999663,-9.83158399970159],[148.52874800022,-9.82993700019216],[148.527070000181,-9.82850899999034],[148.524757999682,-9.82765800031643],[148.521966000431,-9.82652100004401],[148.5200520003,-9.82566900032401],[148.518840000166,-9.82536099961027],[148.517032000427,-9.82441900023663],[148.514707000228,-9.82325100033336],[148.513272999749,-9.8229710000116],[148.510718999782,-9.82161799967076],[148.509682999671,-9.82126300038709],[148.508821000389,-9.82110899958059],[148.50717399998,-9.82114100015701],[148.504688999598,-9.82167999983211],[148.502498000183,-9.82236700003683],[148.500535999637,-9.82295500017296],[148.497199000434,-9.82433399991412],[148.495772000278,-9.82577699990856],[148.493619999963,-9.82521199993363],[148.491780999694,-9.82471500039686],[148.490184999838,-9.82257000040516],[148.488814999613,-9.82112100013394],[148.487663000447,-9.82046699965207],[148.486175000177,-9.8192520002795],[148.484463000368,-9.81760800000917],[148.48296899982,-9.81456099979027],[148.482585000098,-9.81366699993197],[148.482897000097,-9.81254999968269],[148.487108000034,-9.81080900033488],[148.48877400042,-9.80950899974045],[148.490120999585,-9.80813900041438],[148.49082599972,-9.80562300040095],[148.489654999679,-9.80445599964445],[148.48842599966,-9.80297699978868],[148.487542000263,-9.80111400021087],[148.488653000236,-9.80024799984529],[148.489763000162,-9.79938100033287],[148.490583000205,-9.79848699957534],[148.490632999813,-9.79808499992278],[148.49046500016,-9.79607499986133],[148.490621000159,-9.79542799970228],[148.49125199958,-9.79413300023766],[148.49243900036,-9.79254900003622],[148.492618999667,-9.79091200008845],[148.491075000411,-9.78991299988503],[148.488123000077,-9.78794499996172],[148.484932999558,-9.78448999981362],[148.483165999911,-9.78347099958682],[148.481641999779,-9.7810359997115],[148.481241000172,-9.7803199999679],[148.480043999831,-9.77960700036271],[148.479050999904,-9.7789489996964],[148.477034999566,-9.77770199974741],[148.474924000242,-9.77660899970546],[148.474136999923,-9.77575599993924],[148.472139999562,-9.77411299971505],[148.470305000376,-9.77304399988061],[148.469580000217,-9.77118000025672],[148.467901000131,-9.76946400026332],[148.465503000163,-9.76724899974147],[148.462310000406,-9.76503700025734],[148.459234999796,-9.76395199968494],[148.45715600015,-9.76291500042686],[148.454573999791,-9.76140800017895],[148.451332999618,-9.75795900030756],[148.448486999675,-9.75566000040858],[148.447703000393,-9.75341000007142],[148.446935000051,-9.75158999977863],[148.446731999682,-9.75174799987024],[148.445777999755,-9.75211100042213],[148.4440259999,-9.7526999997051],[148.441851000323,-9.75388100020786],[148.440375999753,-9.75435999981403],[148.437679000386,-9.75652499982875],[148.435905000416,-9.75814599993782],[148.434111999569,-9.75608999955374],[148.430654000182,-9.75266299979746],[148.42905700028,-9.75045899978283],[148.427469999941,-9.74956299983251],[148.426206000107,-9.749515000317],[148.423502999564,-9.74874900006621],[148.421885999639,-9.74862199960552],[148.41973500027,-9.74805599958467],[148.418380999884,-9.74791800041532],[148.41654799989,-9.74735200039443],[148.414474999622,-9.74649899972899],[148.412798999674,-9.74535700012541],[148.411520000048,-9.7439259997849],[148.409920000008,-9.74206600034553],[148.408161999877,-9.74027799972988],[148.407205999857,-9.74013799956891],[148.404819000397,-9.74043499977519],[148.401706999878,-9.73836599969105],[148.401220999949,-9.73642900029808],[148.400654999929,-9.73420600030654],[148.399854999908,-9.73320399996447],[148.398656000374,-9.73213199999174],[148.39769600017,-9.73091499962743],[148.396602000082,-9.72858800023597],[148.395218000111,-9.72812499956899],[148.39434300023,-9.72841600039807],[148.393470999587,-9.72906499974988],[148.391403000448,-9.72936099991018],[148.389879000316,-9.73283700012735],[148.387487999771,-9.73372499970879],[148.385449000172,-9.73400900021516],[148.382296999607,-9.73368999989356],[148.380798999774,-9.73187599987739],[148.380014999593,-9.73404700016886],[148.379566999617,-9.73549999972516],[148.379407000333,-9.73765500017794],[148.379198999734,-9.73936299980249],[148.379247000149,-9.74111799979568],[148.378879000266,-9.74233099997561],[148.378207999899,-9.74394299966958],[148.376986000204,-9.74593399975425],[148.37659500016,-9.74773099988568],[148.376184000092,-9.74958299985543],[148.37480799959,-9.75184699993907],[148.372959999804,-9.75420799999916],[148.371765999601,-9.75406899988429],[148.36953500014,-9.75343100014051],[148.366987999597,-9.75344199974837],[148.365476000018,-9.75380800043884],[148.362969000419,-9.75729100007954],[148.36266499989,-9.75826500002967],[148.362168000353,-9.7638840001464],[148.361221999895,-9.76437899959102],[148.360735999966,-9.76251399992107],[148.358892000366,-9.75907499961136],[148.357215000372,-9.75778899966252],[148.35641300026,-9.75621199978395],[148.354570999852,-9.75341899958705],[148.353608000409,-9.75155600000931],[148.352567000067,-9.74990899960057],[148.351385000418,-9.74823699983749],[148.350374999707,-9.74728900018715],[148.348950999689,-9.74674600032756],[148.347141999904,-9.74669899995871],[148.344758999728,-9.74800099974629],[148.344522999637,-9.74871999962824],[148.342228999968,-9.75224800044476],[148.340718999582,-9.75282800021194],[148.339525000279,-9.75276099982011],[148.337376000102,-9.75284099991217],[148.336318999922,-9.754246999999],[148.336222999992,-9.75486100043473],[148.336592999967,-9.75607499976129],[148.336677000243,-9.75708000024167],[148.336200999876,-9.75751300042458],[148.335005999627,-9.75737400030977],[148.33325199968,-9.75666299989745],[148.332215000422,-9.75609199964595],[148.330466999852,-9.75681699980452],[148.327454000302,-9.75962899997831],[148.325862999778,-9.75992300004635],[148.324819000197,-9.75762900037784],[148.324491000359,-9.75511699964973],[148.324451000314,-9.7527860000738],[148.325201999873,-9.75133399966427],[148.325745999778,-9.75051699975968],[148.326337000053,-9.74935400008701],[148.326704999936,-9.7482840002063],[148.326674000305,-9.74684799963535],[148.326594000213,-9.74530000019467],[148.325297999803,-9.74150100037065],[148.324594999759,-9.74092599993486],[148.322610999998,-9.74188400004636],[148.321336999703,-9.74263599965151],[148.319983000215,-9.74242499981376],[148.319345999618,-9.74221299992997],[148.318469999691,-9.74214400034532],[148.317188999972,-9.74186800020794],[148.315956999816,-9.74151700020923],[148.313813999916,-9.74075099995855],[148.312343000429,-9.73974500033148],[148.309860000139,-9.73865899971298],[148.307803999755,-9.73613800036834],[148.307613999986,-9.73407200042243],[148.307530999756,-9.73328199996415],[148.306258000407,-9.73328700019488],[148.304830000205,-9.7342339997992],[148.303398999864,-9.73487799981978],[148.302765000305,-9.73559799974782],[148.301180000057,-9.73747099978675],[148.299434999626,-9.73898600040342],[148.29785200037,-9.74114600018772],[148.29554800024,-9.74237600025208],[148.293323000156,-9.7433169995798],[148.292211000138,-9.74389600020021],[148.290220000053,-9.74368799960145],[148.287120000088,-9.74463300001288],[148.285847999885,-9.74492499998872],[148.284864000374,-9.74483700042719],[148.281993000177,-9.74356400017825],[148.281440999902,-9.7449300002193],[148.283660999756,-9.74722900011813],[148.283746000078,-9.74859300006677],[148.282443000244,-9.74974900031606],[148.281808999786,-9.7504700002902],[148.279984000162,-9.75184099966224],[148.278075000261,-9.75220700035265],[148.275367000387,-9.75178599982389],[148.273924000392,-9.75141199966402],[148.272420000283,-9.75122299994143],[148.269392000041,-9.75044399999059],[148.267911000093,-9.75015099996847],[148.26663100042,-9.75007199992268],[148.265488999918,-9.7495249998787],[148.263816000109,-9.74924400041017],[148.260788999913,-9.74846599960614],[148.258306999668,-9.74481300021968],[148.255033999819,-9.74224000027567],[148.254167000307,-9.74146399956379]]]},"properties":{"FID":80,"District":"ABAU","Province":"CENTRAL"},"id":80},{"type":"Feature","geometry":{"type":"Polygon","coordinates":[[[147.3382955,-9.6365151],[147.4001472,-9.6643878],[147.483332999718,-9.58333299991785],[147.8599220003,-9.2401949995994],[147.860258999653,-9.23984999987756],[147.860418999837,-9.23859400041267],[147.860408000229,-9.23795999995384],[147.859186999681,-9.2358499997776],[147.856868999805,-9.23481199957394],[147.854133999585,-9.23208299963058],[147.853099000419,-9.23020800039887],[147.852027999593,-9.22798799964643],[147.851039999896,-9.22606499999967],[147.850463000267,-9.22451100028236],[147.850453999852,-9.22210599999176],[147.850966000081,-9.22067000032014],[147.852038000054,-9.21926500027951],[147.852806000397,-9.21675899982796],[147.852568000213,-9.21384200020801],[147.851577000379,-9.21073399987409],[147.851540999618,-9.20687800011956],[147.851223000241,-9.20483500033493],[147.851860999985,-9.20121099958789],[147.852261000445,-9.19733299971813],[147.851788000216,-9.19621799956094],[147.851376000102,-9.19496000000398],[147.849785999625,-9.19364699970924],[147.847447999726,-9.19265499982828],[147.844616999575,-9.18984599979303],[147.844440999553,-9.18651099978275],[147.843929000223,-9.18515400015685],[147.843152000365,-9.18335199979492],[147.842521000044,-9.1819289998233],[147.842454999699,-9.18155599970959],[147.842356999676,-9.18096000010382],[147.840895999751,-9.17871399995103],[147.839688999848,-9.17645400005188],[147.837636999648,-9.17321900015663],[147.836074000415,-9.17070400018941],[147.835177999565,-9.16889000017324],[147.834089999754,-9.16705500008806],[147.83449100026,-9.16472200041994],[147.833517000309,-9.16352700017086],[147.832447999576,-9.16204800031495],[147.830970999812,-9.16138500031735],[147.828349000306,-9.16153900022459],[147.825198999834,-9.16090699985814],[147.823247999796,-9.16170599983178],[147.820933000058,-9.1614499997176],[147.81931700018,-9.16063599995136],[147.818113999562,-9.16063599995136],[147.816547000144,-9.16104700001888],[147.815318000126,-9.16097600034198],[147.81369099974,-9.15986300027715],[147.813659000063,-9.15794800010003],[147.814755000243,-9.15599099978465],[147.814814000266,-9.15557100020147],[147.814894000358,-9.15497799983478],[147.814811000128,-9.15438600041353],[147.813664000293,-9.1545370001823],[147.809540999917,-9.15538399967181],[147.804261000145,-9.15724500005655],[147.80157400034,-9.15707000008036],[147.798180000307,-9.15649699973671],[147.794820000043,-9.15665199968994],[147.793919999908,-9.15717200028747],[147.791392000241,-9.16302899968849],[147.790087000315,-9.16554999993252],[147.789117999696,-9.17221699981463],[147.786982000119,-9.17007399991514],[147.784356999576,-9.16882099968934],[147.777359999764,-9.17171299995493],[147.774201999823,-9.17217499967644],[147.772727000151,-9.17217799981478],[147.770759000228,-9.17188599983888],[147.767889000077,-9.17092999981952],[147.765836999878,-9.16960099968627],[147.764032000277,-9.1686420004279],[147.762393000237,-9.16864499966698],[147.757396000025,-9.16961899961712],[147.756001999593,-9.16954799994024],[147.753385000318,-9.16899899980382],[147.752074000115,-9.16853600003634],[147.748622000106,-9.1674149996025],[147.746486999675,-9.16542000023271],[147.745333999565,-9.16253400024384],[147.744673999706,-9.16068400036619],[147.744108999731,-9.15844799977521],[147.743789000262,-9.1562449998068],[147.740750000412,-9.14733800004855],[147.740541999814,-9.14567799993962],[147.740862000181,-9.14390600006176],[147.73963900044,-9.14306800008807],[147.740043000184,-9.14054899993631],[147.740937000043,-9.13706600029558],[147.74158700034,-9.13439899961407],[147.741910999993,-9.13232400015239],[147.742232000407,-9.12928700039459],[147.742557000106,-9.1276569998705],[147.742798999574,-9.12573100008551],[147.741895000154,-9.12434099983721],[147.740326999791,-9.12280900023501],[147.739674000255,-9.12055299962112],[147.739177999865,-9.11862899992837],[147.737898000193,-9.11382300043101],[147.736747000174,-9.10967299970912],[147.736382999576,-9.10602899983843],[147.735072000273,-9.10486300002726],[147.731777000308,-9.10356999975552],[147.730433000383,-9.10216599976105],[147.729282000364,-9.10036200020602],[147.728562000436,-9.09828699984508],[147.727314000441,-9.097232999803],[147.724915000427,-9.09608399987668],[147.721124000073,-9.09472700025078],[147.715398000417,-9.09202999998445],[147.714645999913,-9.09129500026399],[147.713390999595,-9.08994400001552],[147.712632999713,-9.08826900011416],[147.714704999936,-9.08535799987169],[147.713377999895,-9.08305699988052],[147.711660999855,-9.08192399979265],[147.710099999815,-9.07955700035525],[147.709510999633,-9.07521399972621],[147.709177000418,-9.07166000040866],[147.708671999613,-9.06789400030778],[147.707745000032,-9.06655299962114],[147.704859000043,-9.06481500041178],[147.702362000006,-9.06434100013702],[147.700556000359,-9.06264099998197],[147.698995000319,-9.06056999980546],[147.699276999834,-9.05843000004432],[147.699758000431,-9.05612199973035],[147.700142000153,-9.05382299983154],[147.700288999738,-9.05160600011669],[147.70053000006,-9.04916199982631],[147.700360000314,-9.04612500006857],[147.700588000036,-9.04363300026262],[147.700635999552,-9.04184499964687],[147.700023000061,-9.04094200027299],[147.698873000089,-9.03968499986275],[147.69747799961,-9.03850300021322],[147.69487800022,-9.03696000010383],[147.693436000271,-9.03644399969067],[147.691708999771,-9.03550200031697],[147.689422999572,-9.03477400002004],[147.68696100025,-9.03452200009014],[147.685090000303,-9.03402699974606],[147.681079999742,-9.0317940001928],[147.680296999607,-9.02881400036563],[147.682055999785,-9.02771900023152],[147.682096999877,-9.02648900016722],[147.680996000365,-9.02530999975664],[147.679875999978,-9.02457700012839],[147.675576999579,-9.02395300013075],[147.674918999812,-9.02291800006543],[147.673934000254,-9.02151199997878],[147.672946999704,-9.01973699996238],[147.673026999796,-9.01847700031318],[147.672862000281,-9.01795899980784],[147.672614999683,-9.01714500004163],[147.67212200033,-9.01618299974552],[147.671792000401,-9.01536899997927],[147.670969000219,-9.01322299994144],[147.669820000293,-9.01211400006094],[147.669036000112,-9.0106819996745],[147.667684999863,-9.00900699977308],[147.666206000007,-9.00656599962111],[147.665137000173,-9.00478999955869],[147.66283900032,-9.00227599963756],[147.661526000025,-9.00109399998799],[147.659498000033,-8.99964100043172],[147.658376999599,-8.99724699974894],[147.656570999952,-8.99515600044897],[147.654571000351,-8.99300099999614],[147.653365999641,-8.99052600007474],[147.650391000045,-8.98910600024164],[147.647340999687,-8.9885000001748],[147.645558000202,-8.98595999995399],[147.643894999955,-8.98412499986876],[147.642768000143,-8.98072599960506],[147.642815999659,-8.97515499990329],[147.642958999958,-8.97078099964336],[147.642541999614,-8.96631799977581],[147.639265999626,-8.96647199968294],[147.637956000369,-8.96676999993537],[147.636071999823,-8.96669900025852],[147.633940999578,-8.96633299956824],[147.631250999634,-8.96541799964088],[147.629363999849,-8.96511500005704],[147.627653000086,-8.96503499996504],[147.6239740004,-8.96624800014491],[147.621047000319,-8.96629599966058],[147.619439999956,-8.96450599985183],[147.616243000014,-8.96288199960458],[147.613042999935,-8.96154500000166],[147.609667999879,-8.96036400039809],[147.601166999957,-8.96016600026047],[147.60058700019,-8.95638999969855],[147.598045999923,-8.95550500025554],[147.595099999865,-8.95691699971963],[147.59297399985,-8.95921699966477],[147.591665999786,-8.96099599986549],[147.589946999655,-8.96122100034864],[147.587244000011,-8.96174400018544],[147.579822000385,-8.96029900009859],[147.57590399957,-8.96037800014455],[147.572632999813,-8.96208100043777],[147.568954000127,-8.96177699990858],[147.565450999564,-8.95814899987636],[147.563244000311,-8.95646300036702],[147.560221000299,-8.95339800021743],[147.557657999917,-8.95075399969709],[147.555263000088,-8.94985399956227],[147.55374300014,-8.9487330000278],[147.551911000193,-8.94157900017071],[147.551211000288,-8.9358969998466],[147.551161999827,-8.93372899969348],[147.551565999571,-8.93017400032978],[147.551317999826,-8.9285449998518],[147.554503000114,-8.92261499978235],[147.557105999642,-8.91964899970134],[147.562798000427,-8.9088689999043],[147.565620000163,-8.90830399992963],[147.564552000375,-8.9067500002122],[147.562011000108,-8.90475399989708],[147.559325000349,-8.9054159998484],[147.552144000146,-8.90611899989176],[147.550400999806,-8.90594299986951],[147.549792999647,-8.90461699987458],[147.549315000087,-8.90418000040666],[147.548658000367,-8.90247800015953],[147.544433999829,-8.89852000019761],[147.540623000352,-8.89619399995304],[147.537345000272,-8.89501400039573],[147.533427000356,-8.89261300028949],[147.530623999698,-8.89102399985752],[147.528359999615,-8.88844799977534],[147.526153000361,-8.88570299999332],[147.522026999847,-8.88244399989065],[147.2499999999,-8.88244399989065],[147.080488999768,-9.05304599997278],[146.9999999995,-9.06666700038154],[146.991640000685,-9.0684889998674],[146.848776000013,-9.09958200020889],[146.8627309,-9.2363326],[146.8938754,-9.2797787],[146.9511511,-9.2724262],[147.0012071,-9.3128245],[147.0069672,-9.3841989],[146.9863612,-9.5704622],[147.2501187,-9.570216],[147.3382955,-9.6365151]],[[147.294581999959,-9.48848100009798],[147.29441300026,-9.49305999991902],[147.295126999911,-9.49455599965961],[147.296234999746,-9.49573099988556],[147.296835000435,-9.49614500009164],[147.296950000342,-9.49681300031967],[147.296463000367,-9.49757200024755],[147.294782000189,-9.50146499990973],[147.294042000239,-9.50280399960468],[147.294141000307,-9.50436200040588],[147.289601999633,-9.50424999973757],[147.288028999939,-9.50436200040588],[147.287866999663,-9.50439400008299],[147.287866999663,-9.50325199957997],[147.287427000056,-9.50278899981243],[147.286454000152,-9.50280999988149],[147.285738000409,-9.50327099955689],[147.285114000411,-9.50424000017574],[147.284097000276,-9.5043529999909],[147.283031999727,-9.50407299966919],[147.282660999706,-9.50303300027269],[147.282058999823,-9.50261499988216],[147.281457999987,-9.5026600001587],[147.281063999804,-9.50337599990239],[147.281089000058,-9.50499199978094],[147.280766999598,-9.50586999980055],[147.279678999786,-9.50669900025861],[147.279749000316,-9.50760099958637],[147.280121000384,-9.50854900013611],[147.279773999671,-9.50968100017798],[147.278178999861,-9.51154899998614],[147.277300999841,-9.51207900014572],[147.276121000284,-9.51186800030792],[147.275103000103,-9.51098700014978],[147.273874000085,-9.50964400027023],[147.27271699979,-9.50800100004607],[147.270725999705,-9.50559299961714],[147.269635999802,-9.50251699985954],[147.267195999696,-9.49857000040499],[147.264172999684,-9.4976460000628],[147.257847000239,-9.49711599990343],[147.252060999616,-9.4979220002001],[147.249340000041,-9.49899700031109],[147.26284699969,-9.52383199984673],[147.25074800022,-9.54254400030528],[147.240790999705,-9.5470929996422],[147.20951700001,-9.52837599985243],[147.175099000119,-9.5238859996391],[147.029925999985,-9.52376100017],[147.030011000308,-9.50357299999394],[147.104688999698,-9.5036910000394],[147.105028000043,-9.48088200040389],[147.105519000202,-9.47984600029258],[147.106178000015,-9.47872599990485],[147.107008999666,-9.47747399972514],[147.108163999869,-9.47640299979855],[147.108990000188,-9.47506600019568],[147.109547999841,-9.47344900027105],[147.109892999562,-9.47203099963088],[147.110363999699,-9.47068100032784],[147.111163999719,-9.46985900019269],[147.111958000362,-9.46903099978073],[147.112615000082,-9.46814600033759],[147.113344000426,-9.46675900022763],[147.113886000239,-9.46494600025761],[147.114068999685,-9.46383999961625],[147.114118000146,-9.46325999984902],[147.1140909998,-9.46292999991947],[147.11858700029,-9.45852800016694],[147.104699000159,-9.46658400025133],[147.112197999738,-9.45241699984451],[147.110308999861,-9.44962999992446],[147.109112000419,-9.44723500009508],[147.106776999759,-9.44734699986402],[147.104876000227,-9.44955400001704],[147.103743000139,-9.4499660001307],[147.102235999891,-9.45210399979966],[147.100728999644,-9.45389699974669],[147.098579000321,-9.45426200039089],[147.09696100035,-9.45393799983879],[147.095988999593,-9.45407499986129],[147.093214000226,-9.45480800038878],[147.091295999911,-9.45402300016122],[147.090214000376,-9.4527899999585],[147.088040999992,-9.45233799979865],[147.087395999926,-9.45178500037742],[147.086679000136,-9.45176100017001],[147.086196000345,-9.45074800021986],[147.085064000304,-9.45046999999046],[147.083056000334,-9.44874200034286],[147.081419000387,-9.44738199967953],[147.079989000092,-9.4454470003787],[147.078928999774,-9.44438700005998],[147.078073999915,-9.44365000024726],[147.077153999757,-9.44197400029965],[147.076391999691,-9.4413229999563],[147.075541000017,-9.43950399970972],[147.074987999697,-9.43703400001897],[147.074536000436,-9.43485500025799],[147.074334000114,-9.43183999971616],[147.074525999975,-9.42924000032571],[147.075271000157,-9.42661799992071],[147.074558999698,-9.42473000008931],[147.075281999765,-9.42206200026107],[147.076674000105,-9.41971700003939],[147.078088999708,-9.41822300039103],[147.07917400028,-9.41868500011249],[147.080837999674,-9.41882500027345],[147.084698999659,-9.41843899956008],[147.086648999652,-9.41837700029816],[147.088698999759,-9.41805399979222],[147.092485999929,-9.41904799976529],[147.092983000366,-9.4190390002496],[147.094260999946,-9.4182980002525],[147.096920000258,-9.41936099981019],[147.096920000258,-9.39241800019046],[147.125531000356,-9.38352900036296],[147.150629000328,-9.36432599974507],[147.162196999592,-9.35547399982518],[147.185937999939,-9.35310400024935],[147.197533000448,-9.35194099967737],[147.197570000356,-9.35215399960736],[147.197615999779,-9.35230400022937],[147.197689000447,-9.35242500041334],[147.197895000054,-9.35254899983637],[147.197976000192,-9.35262999997435],[147.198144999892,-9.35297699978866],[147.198448000375,-9.35342699985609],[147.199727000001,-9.35560300037804],[147.199892000416,-9.3558530002157],[147.199966000231,-9.35593400035379],[147.200165999561,-9.3560039999846],[147.200500999721,-9.35622500028343],[147.200666000136,-9.35626700042162],[147.201670999717,-9.35622700037567],[147.201868999855,-9.35620600030656],[147.20243900006,-9.3560710003763],[147.202650999944,-9.35599799970783],[147.202842999805,-9.35590399986962],[147.203070000381,-9.35576299966266],[147.203292999872,-9.35558000021672],[147.203391999941,-9.35547499987133],[147.203480000402,-9.35536400014832],[147.203626999986,-9.35513500037985],[147.203869000354,-9.35462000001298],[147.203972999754,-9.35443699966778],[147.204099000169,-9.35426599987592],[147.204307999914,-9.35405800017652],[147.20445999973,-9.35395800006148],[147.204644000121,-9.35388100010794],[147.204868999705,-9.35382200008502],[147.205216000418,-9.3537789999009],[147.20539999991,-9.35378900036198],[147.205539000025,-9.35383499978535],[147.205637000048,-9.35391699996945],[147.205698000163,-9.35402899973837],[147.205723000416,-9.35415400010692],[147.205714000002,-9.35427700038321],[147.205680000232,-9.35439200029055],[147.205543000209,-9.35467799998958],[147.205524000232,-9.35481600005823],[147.205549999633,-9.35499200008059],[147.205606999564,-9.35519300035657],[147.205650999794,-9.35529499966441],[147.20571700014,-9.35538300012514],[147.205893000162,-9.35549900007875],[147.206144000046,-9.35561099984761],[147.206364000299,-9.35565600012428],[147.206716000343,-9.35566499963995],[147.206921999951,-9.35569300003176],[147.207123000226,-9.35576899993936],[147.207222000295,-9.35582199968548],[147.207277000134,-9.35613100044508],[147.207211999834,-9.35639700012144],[147.207095999881,-9.35665400028171],[147.207036999858,-9.35671699958976],[147.206770000135,-9.3568100002811],[147.206560000344,-9.35682800021197],[147.205232000257,-9.35681999984308],[147.205032000027,-9.35686800025786],[147.204925999635,-9.35692900037305],[147.204872999889,-9.3570149998422],[147.204864000373,-9.35720300041804],[147.204909999797,-9.35778000004696],[147.20496899982,-9.35810999997636],[147.205036000212,-9.35833300036762],[147.205018000281,-9.35858400025132],[147.204951999935,-9.35885600020419],[147.204733999774,-9.35954799974036],[147.204675999798,-9.35982499992378],[147.204558999798,-9.3599409998772],[147.204394000283,-9.36022100019892],[147.2040780001,-9.36095599991938],[147.20392999957,-9.36137400030976],[147.203874999732,-9.36163699984763],[147.203864000124,-9.36175699998546],[147.203875999778,-9.36196899986942],[147.203931999662,-9.36213999966117],[147.204033999869,-9.36225799970687],[147.204183999592,-9.36230800021396],[147.204271000007,-9.36230600012174],[147.204451000214,-9.36225499956845],[147.204605000121,-9.36214800003001],[147.204666000236,-9.36207800039938],[147.20476100012,-9.36191400003104],[147.204905999612,-9.36145300035566],[147.204993000027,-9.36128299971045],[147.205119999589,-9.36114899982636],[147.205195000349,-9.361102000357],[147.205361999957,-9.36106699964222],[147.205547000394,-9.36110799973425],[147.205755000093,-9.36120299961859],[147.206702999744,-9.36176100016986],[147.207158000042,-9.36206899998428],[147.207384999718,-9.36215400030682],[147.207384999718,-9.36228800019086],[147.207252999926,-9.36254200021308],[147.207070999627,-9.36281400016595],[147.206870000251,-9.3630080001189],[147.206454999998,-9.36328600034858],[147.206276999884,-9.36346200037098],[147.206031000231,-9.36365899956314],[147.205885999839,-9.36386199993132],[147.205705999632,-9.36421099983767],[147.205497999933,-9.36470500013552],[147.205452999656,-9.36486600036539],[147.205445000187,-9.3649840004112],[147.205467000302,-9.36507700020333],[147.205514999818,-9.36516599981092],[147.205802999609,-9.36553199960201],[147.205892000116,-9.36558900043195],[147.206033000323,-9.36559199967087],[147.206590999975,-9.36542700015582],[147.206816999605,-9.36537799969489],[147.206899999835,-9.36531699957982],[147.207105000296,-9.3650800003416],[147.207192999858,-9.36504999985756],[147.207448999972,-9.36513300008774],[147.207753999648,-9.36506999988046],[147.208155000153,-9.36527000011035],[147.208832999943,-9.36559599985537],[147.208980000427,-9.36573600001635],[147.20921300038,-9.36590199957749],[147.209436999918,-9.36638200012914],[147.209708999871,-9.36687699957379],[147.209764999755,-9.36700700017287],[147.209721000424,-9.36728400035629],[147.209746999824,-9.36741700019434],[147.209929000123,-9.36753500023992],[147.2100650001,-9.36770099980124],[147.210306999568,-9.36791199963898],[147.210599000444,-9.36831300014479],[147.210832000397,-9.36869199963604],[147.21102600035,-9.36908499977291],[147.211125999565,-9.36934299997945],[147.211270999957,-9.36979500013906],[147.211338000349,-9.36992699993101],[147.211418999587,-9.36999100018449],[147.211785000278,-9.37013899981497],[147.212021000369,-9.3702240001374],[147.212658000067,-9.37041800009058],[147.21276100032,-9.3704689997445],[147.212861000435,-9.37061400013597],[147.21336899958,-9.37119299985699],[147.213816000408,-9.37180500020053],[147.214040999992,-9.37206699969216],[147.214142000154,-9.37215700024529],[147.214261000245,-9.37223700033712],[147.214505999852,-9.37227600033703],[147.214601999783,-9.37231999966816],[147.214998000058,-9.37268000008192],[147.215136000126,-9.37290299957368],[147.215377000448,-9.37343399977915],[147.215492000356,-9.37356500042433],[147.215791999801,-9.37383600033109],[147.215881000308,-9.37389500035392],[147.215981000423,-9.37392700003096],[147.216119999638,-9.37393899968505],[147.216296999707,-9.37393200026144],[147.216716000143,-9.37385800044626],[147.217339000095,-9.37369900030847],[147.217463000418,-9.37369500012404],[147.217560000394,-9.37376000042366],[147.217757999632,-9.37397599959263],[147.217831000301,-9.37417199963806],[147.217932999608,-9.37431800007551],[147.218241000322,-9.37460299972862],[147.218424999814,-9.37495899995776],[147.21851699956,-9.37504999965767],[147.218732999629,-9.37517700011824],[147.218889999674,-9.37537300016379],[147.218970999812,-9.37543899961002],[147.219143999696,-9.37550399990959],[147.219637999994,-9.3756230000014],[147.219983999762,-9.37568400011634],[147.220245000107,-9.37571299965516],[147.220538000129,-9.3756050000705],[147.220720000428,-9.37555599960968],[147.220949000196,-9.37555599960968],[147.221262000241,-9.37562099990913],[147.221463999664,-9.37595500002312],[147.22147800031,-9.37605199999956],[147.22146499971,-9.3762170004141],[147.221331999872,-9.37657099965186],[147.220932000312,-9.37733699990254],[147.220683999667,-9.37781300026974],[147.220644999667,-9.37795100033827],[147.220588999783,-9.37829500001402],[147.22060000029,-9.37850599985183],[147.220694000128,-9.3791249996189],[147.220688999897,-9.37925500021804],[147.220645999713,-9.37943100024029],[147.220658000267,-9.37958800028592],[147.220726999851,-9.37970100010103],[147.220929000173,-9.37988899977733],[147.221473000079,-9.38034800025992],[147.221731000285,-9.3805060003516],[147.221941000077,-9.3805699997057],[147.222435000375,-9.38064000023576],[147.223139999612,-9.38069299998188],[147.223625000394,-9.38071300000491],[147.224035000415,-9.38069600012023],[147.224417000045,-9.38065800016654],[147.225263000387,-9.38051800000556],[147.225517999556,-9.38052000009775],[147.225754999694,-9.38056200023596],[147.226026999646,-9.38063399995906],[147.226918000266,-9.38094700000403],[147.227102999804,-9.38097999972707],[147.227337999849,-9.38094800005014],[147.22748300024,-9.38087300018879],[147.227868000008,-9.38057499993625],[147.228050000307,-9.38046000002884],[147.228250999684,-9.38038200002922],[147.228354999984,-9.38035799982179],[147.228559000398,-9.38034099993718],[147.228847000189,-9.3803840001213],[147.22949100021,-9.3805709997517],[147.230111000023,-9.38069500007407],[147.230274000345,-9.38075800028139],[147.230570999652,-9.38074399963587],[147.230696000021,-9.3807849997279],[147.230966999927,-9.38091899961205],[147.23102599995,-9.38099899970405],[147.231131000296,-9.38120100002601],[147.231182999996,-9.38132600039456],[147.23119999988,-9.38142400041714],[147.231172000388,-9.38151800025549],[147.231036000411,-9.38167999963224],[147.230901999628,-9.38179000020819],[147.230608999606,-9.38199000043813],[147.23042600016,-9.38216599956116],[147.230361999907,-9.38234299962961],[147.230424000068,-9.38243500027494],[147.230552999721,-9.38250099972111],[147.230719000182,-9.38254700004398],[147.231589999879,-9.38267399960523],[147.231967000177,-9.38274600022766],[147.232800999966,-9.38303600011125],[147.232974999897,-9.38305099990367],[147.233189999919,-9.3830239995579],[147.233403999895,-9.38294500041128],[147.233494000448,-9.38288300025022],[147.233565000125,-9.38280700034262],[147.233618999917,-9.38271899988189],[147.233684000216,-9.38253000015926],[147.233714999848,-9.38235500018306],[147.23372999964,-9.3816120000937],[147.233753999847,-9.3814639995639],[147.233821000239,-9.38128899958766],[147.233873999985,-9.38119699984151],[147.233941000377,-9.38111100037225],[147.234021999616,-9.38103699965774],[147.234118000446,-9.38098499995754],[147.234227000076,-9.38095799961196],[147.234345000122,-9.38095300028068],[147.234466000306,-9.38096599998073],[147.234694000028,-9.3810270000959],[147.234950000143,-9.38114600018766],[147.235881999955,-9.38169600037004],[147.236027000346,-9.3817490001162],[147.236193999953,-9.38175799963193],[147.23638199963,-9.3817249999088],[147.237373000364,-9.38143600007122],[147.23759499981,-9.38134799961034],[147.237687999602,-9.38128800044082],[147.237750999809,-9.38121899995686],[147.237815000062,-9.38104099984225],[147.237815000062,-9.38091700041907],[147.23778699967,-9.38077099998156],[147.237725999555,-9.38061700007444],[147.237492999602,-9.3802359995916],[147.237440999902,-9.37998999993846],[147.237439999856,-9.37905299989597],[147.237484000087,-9.37836299955274],[147.237675999948,-9.37817499987631],[147.237892000016,-9.37803899989985],[147.2380779996,-9.3779710003613],[147.238783999782,-9.37779400029285],[147.239151999665,-9.37767600024711],[147.239423999618,-9.37756399957874],[147.239578000425,-9.3774840003863],[147.239674000355,-9.37741099971778],[147.239737999709,-9.3771450000416],[147.239734000424,-9.37704800006503],[147.239687000055,-9.37682899985833],[147.239628000032,-9.37670699962825],[147.239436000171,-9.37651799990573],[147.238734000174,-9.37597700013824],[147.238433999829,-9.3756850001626],[147.238347000314,-9.375569000209],[147.238280999968,-9.37542399981771],[147.238243000015,-9.37518499958794],[147.238287000245,-9.37501699993449],[147.23837399976,-9.37491799986578],[147.238594000013,-9.3746100000514],[147.238958999758,-9.37414100000713],[147.239307999665,-9.37373200003174],[147.239637000447,-9.37343299973305],[147.24097400005,-9.37238399992162],[147.241483000141,-9.37209500008414],[147.241894000208,-9.37190000008485],[147.242717000389,-9.37155799960191],[147.243849000431,-9.37115399985714],[147.244362999853,-9.37100300008837],[147.244880000312,-9.37092199995021],[147.245339999941,-9.37090600011168],[147.245850000078,-9.37093000031922],[147.246362000306,-9.37100900036501],[147.246675000351,-9.37111499985729],[147.246852999566,-9.3712240003872],[147.247046000373,-9.37146099962542],[147.24708300028,-9.37154399985548],[147.247098000073,-9.37166199990128],[147.247063000257,-9.37190600036161],[147.247007000373,-9.37213700022234],[147.246970999612,-9.37220399971478],[147.246635000305,-9.37230199973745],[147.245567999664,-9.37272200022011],[147.245003999735,-9.37290399961967],[147.244648000405,-9.37330099994109],[147.244609999552,-9.37339699987149],[147.244608000359,-9.37352100019393],[147.244630999621,-9.37370200044695],[147.244712999805,-9.37406400005354],[147.244785000427,-9.37430400032922],[147.244928999874,-9.374646999959],[147.24510399985,-9.37494200007303],[147.245330000379,-9.37510899968049],[147.245950000193,-9.37561699972469],[147.246136999823,-9.37570300009327],[147.246458000237,-9.37577499981627],[147.246762999913,-9.37580300020807],[147.246969000419,-9.37579099965468],[147.247175000026,-9.37574400018532],[147.247378000395,-9.37566200000123],[147.247970999862,-9.37534199963352],[147.248356999676,-9.37525600016419],[147.24867800009,-9.37527400009498],[147.248802999559,-9.3753029996335],[147.248884999743,-9.37535700032517],[147.249459000133,-9.37594699965428],[147.249584999648,-9.3761029996536],[147.249630999971,-9.37622599992989],[147.249638000294,-9.37648300009034],[147.24962599974,-9.3768000003197],[147.249572999994,-9.37715000027226],[147.249472999879,-9.37750100027093],[147.249177999765,-9.37827900017561],[147.249002999789,-9.37886999955061],[147.24898199972,-9.37901599998832],[147.249180999903,-9.3791059996421],[147.24927799988,-9.37915700019529],[147.249616000178,-9.37944900017112],[147.249792000201,-9.37957299959413],[147.250545999898,-9.37992899982344],[147.250714999598,-9.38002199961557],[147.250797999828,-9.38009700037611],[147.250884000196,-9.38022499998374],[147.25104400038,-9.38032800023684],[147.251216000218,-9.38107699970375],[147.251267999918,-9.38154399965574],[147.251261999642,-9.38189399960829],[147.25117400008,-9.38306200041091],[147.251181000403,-9.38341300040956],[147.251273000149,-9.38396599983087],[147.251313000195,-9.38429899989881],[147.251379999687,-9.3844650003594],[147.251463999964,-9.38455600005927],[147.251652999687,-9.38471500019706],[147.251814999963,-9.38482499987379],[147.251999000354,-9.38491200028841],[147.252312000399,-9.38498099987322],[147.253014000396,-9.38498900024213],[147.253185000188,-9.38501200040344],[147.253692000186,-9.38519199971092],[147.253958999908,-9.3853059995721],[147.25422599963,-9.38546399966379],[147.254552000275,-9.38571300035465],[147.254885000343,-9.3860289996386],[147.255163999719,-9.38631999956824],[147.255494999695,-9.38680999968171],[147.255763000362,-9.38694300041908],[147.255885999739,-9.38695900025748],[147.256036000361,-9.3869580002114],[147.256523000336,-9.38687900016561],[147.25665700022,-9.38684000016581],[147.256772000128,-9.38678300023508],[147.25710900038,-9.38649599959064],[147.25729600001,-9.38636299975252],[147.25736899978,-9.38621099993749],[147.257533000148,-9.3861299997996],[147.25761300024,-9.38601499989234],[147.257760999871,-9.38597299975401],[147.257935999847,-9.38600999966167],[147.2581689998,-9.38607399991499],[147.258254000122,-9.38612300037607],[147.258305999822,-9.38635500028283],[147.258301999638,-9.38658199995922],[147.258271000007,-9.38684500039637],[147.258138000169,-9.38747599981747],[147.257962000146,-9.38770200034702],[147.257910000446,-9.38784199960845],[147.25778700017,-9.38861500018196],[147.257782999986,-9.38887799971973],[147.257910999593,-9.38937600020222],[147.258018000031,-9.38957799962492],[147.258222000445,-9.38986700036168],[147.258390000099,-9.39005700013041],[147.258553999568,-9.39019700029127],[147.258983999612,-9.39049499964449],[147.259255000418,-9.39064999959778],[147.259333999565,-9.39074799962038],[147.259377999795,-9.39085199991979],[147.259427000256,-9.39105200014951],[147.25945199961,-9.39128700019484],[147.259458999933,-9.39154100021694],[147.259444000141,-9.39171500014703],[147.25939999991,-9.39188900007725],[147.259331000326,-9.39205200039936],[147.259255000418,-9.39218000000693],[147.25913500028,-9.39232000016773],[147.259082999681,-9.39256399972862],[147.25910399975,-9.39266599993591],[147.259199999681,-9.39281799975078],[147.259322999957,-9.39294600025751],[147.259447000279,-9.39296700032673],[147.259696000071,-9.39293799988859],[147.259912000139,-9.39288500014259],[147.260067000092,-9.39281499961232],[147.260491999906,-9.39253300009767],[147.260640000436,-9.39238499956805],[147.260761999766,-9.39236699963726],[147.260863999974,-9.3923069995683],[147.261095999881,-9.39229099972983],[147.26121299988,-9.39232799963743],[147.261331999972,-9.39239099984468],[147.261517999556,-9.39252599977504],[147.262074000015,-9.39304100014192],[147.262155000153,-9.39317900021053],[147.26225200013,-9.39330299963371],[147.262333000268,-9.39348800007109],[147.262478999806,-9.39358900023211],[147.262575999783,-9.39374100004688],[147.262576999829,-9.3939499997926],[147.262681000128,-9.39443699976765],[147.262754999944,-9.39520900029509],[147.262799000174,-9.39538600036354],[147.262850999874,-9.39551099983265],[147.262905999712,-9.39559199997064],[147.263002999689,-9.39568000043153],[147.263072000173,-9.39572699990107],[147.263259999849,-9.39576199971647],[147.263525000379,-9.39564199957857],[147.263844999847,-9.39538400027129],[147.264210999638,-9.39500900006522],[147.264274999892,-9.39484299960463],[147.264360000214,-9.39468200027404],[147.264395000029,-9.39456200013614],[147.264470999937,-9.39392300034615],[147.264480000352,-9.39372600025462],[147.26446499966,-9.3935949996095],[147.26442599966,-9.39347200023258],[147.264359000168,-9.39337400020986],[147.263585000448,-9.39302700039559],[147.263474999872,-9.3929630001423],[147.263403000148,-9.39287000035007],[147.263370999572,-9.39273200028146],[147.263370000425,-9.39258499979775],[147.263409999572,-9.39244100035183],[147.263702999594,-9.39220700035271],[147.263854000262,-9.39202800019196],[147.263947000054,-9.3919890001921],[147.26425199973,-9.39196099980024],[147.265187999727,-9.39191600042296],[147.266289000137,-9.39193300030757],[147.266497999883,-9.39189999968506],[147.266660000159,-9.39181999959318],[147.266725999605,-9.39174599977798],[147.266757000135,-9.39153299984793],[147.266572999744,-9.39041599959859],[147.266551999675,-9.39021100003754],[147.266662000251,-9.39016399966879],[147.266830999951,-9.38992899962357],[147.266880000412,-9.38989299976198],[147.26702099972,-9.38990500031543],[147.267179999857,-9.38996000015374],[147.267587999786,-9.39016599976106],[147.267976999739,-9.39042700010595],[147.268405999737,-9.39078799966644],[147.268494000198,-9.39088299955063],[147.268583999852,-9.39101300014971],[147.269143999596,-9.39193699959281],[147.269218000311,-9.39201000026116],[147.269369000079,-9.39207200042245],[147.26980000017,-9.3921389999149],[147.270211000238,-9.39215899993788],[147.270809999982,-9.39215000042197],[147.270833000143,-9.40750699994806],[147.28525199958,-9.40214199985337],[147.284996000365,-9.40356699991708],[147.284092000046,-9.40480899963547],[147.283395000279,-9.40658000036667],[147.283116000003,-9.40784600029264],[147.283137000073,-9.4092260000798],[147.283942000323,-9.4111139999111],[147.284240999722,-9.41231000020628],[147.284077000254,-9.41352999980955],[147.283450000118,-9.4152089998953],[147.2820130004,-9.41730200018714],[147.28136100001,-9.41983199994661],[147.280870999897,-9.42273099963586],[147.280706000382,-9.42434200018307],[147.281163999919,-9.42694199957346],[147.281922999847,-9.42922100034884],[147.283144000396,-9.43154599964811],[147.284319999768,-9.43318100040261],[147.285055000388,-9.43559700030125],[147.285902999924,-9.43996999961576],[147.286661999852,-9.44227199965303],[147.28878199959,-9.44602400000753],[147.28986500007,-9.44878599967411],[147.291063999604,-9.45058099971317],[147.292006999923,-9.45332100016396],[147.292810000082,-9.45704800026493],[147.293470999987,-9.46238700005996],[147.294989999889,-9.46613900041443],[147.294987999796,-9.46742699955633],[147.293808000239,-9.46802500015356],[147.293344000425,-9.46885299966618],[147.293320000218,-9.46958900033188],[147.293941000077,-9.47161400018588],[147.294216000168,-9.47288000011179],[147.294071999823,-9.47626299963765],[147.294459999729,-9.47906999958071],[147.294316000283,-9.48208400007627],[147.294311000053,-9.48477600011216],[147.293914999778,-9.48677799980475],[147.294581999959,-9.48848100009798]]]},"properties":{"FID":81,"District":"HIRI - KOIARI","Province":"CENTRAL"},"id":81},{"type":"Feature","geometry":{"type":"Polygon","coordinates":[[[147.2499999999,-8.88244399989065],[146.97500000045,-8.88244399989065],[146.97500000045,-8.6416670003316],[146.985422635746,-8.62916056660681],[147.016667000082,-8.59166700043164],[147.016475529922,-8.58994407565837],[147.008332999768,-8.51666699968218],[146.931740000201,-8.51666699968218],[146.7999999999,-8.51249999997498],[146.72500000005,-8.38333299961801],[146.385759251389,-8.08546417313301],[146.385759942068,-8.55164735733962],[146.385759997826,-8.58890499986581],[146.385759999624,-8.59102699969623],[146.4680192,-8.7381107],[146.5149851,-8.9033484],[146.5828645,-9.0242623],[146.6701453,-9.0408866],[146.7425019,-9.0688976],[146.801226,-9.0855425],[146.848776000013,-9.09958200020889],[146.848831999897,-9.0996200001627],[146.848957332115,-9.0997049555192],[146.849448167699,-9.1000376660054],[146.957518000056,-9.07592799937754],[146.957523668483,-9.07591434587033],[146.991640000685,-9.0684889998674],[146.9999999995,-9.06666700038154],[147.080488999768,-9.05304599997278],[147.2499999999,-8.88244399989065]]]},"properties":{"FID":89,"District":"KAIRUKU","Province":"CENTRAL"},"id":89},{"type":"Feature","geometry":{"type":"Polygon","coordinates":[[[148.9872614,-9.0482301],[148.909879,-9.0650677],[148.8224407,-9.087719],[148.7672101,-9.1058305],[148.7075754,-9.1013034],[148.6673779,-9.0897893],[148.6536958,-9.0852827],[148.637585001047,-9.08759499871013],[148.637018000081,-9.09060599996691],[148.639081999934,-9.09403899999967],[148.637167999803,-9.09603800045329],[148.635396999972,-9.09729600001038],[148.632868999405,-9.09512699981116],[148.632631000121,-9.09932800018703],[148.63501300025,-9.1006520000896],[148.634595000759,-9.10163100027035],[148.631897999593,-9.10247099943701],[148.631694000078,-9.10457500023601],[148.630579999967,-9.10818600038357],[148.634515999814,-9.10701499944265],[148.63438199993,-9.10498100007306],[148.636939000035,-9.10641199951414],[148.638589999729,-9.10498899954252],[148.638700000305,-9.10787400038475],[148.635976000592,-9.1095079992947],[148.638176000422,-9.1120289995386],[148.64265199999,-9.1145750000361],[148.642863999874,-9.11564400076998],[148.639990999585,-9.11637700039807],[148.6480909999,-9.12297499979639],[148.646624999744,-9.12331400014097],[148.646824999974,-9.12557200084712],[148.646492999952,-9.1302860005984],[148.647982000269,-9.13056900015915],[148.646638000344,-9.13407600000728],[148.647788000316,-9.13589999958522],[148.647739000754,-9.13760199983227],[148.648917999366,-9.13721600001828],[148.651009999612,-9.14285700025027],[148.652794000043,-9.14341100061712],[148.65124400051,-9.14749199995579],[148.649240999872,-9.14864499916736],[148.649369999526,-9.1520390000997],[148.650379999337,-9.15466199965154],[148.652723000366,-9.15496900031905],[148.652045000577,-9.16252799996716],[148.648242000568,-9.1686780002894],[148.649285000103,-9.17067700074291],[148.648603000129,-9.1721759997226],[148.649624999594,-9.17661100009748],[148.647444999787,-9.17760100078545],[148.646051000254,-9.18428200041393],[148.642958999758,-9.18819600014519],[148.577861999732,-9.19154899918688],[148.559016000288,-9.17454500015157],[148.555283999957,-9.17508499987281],[148.5521169996,-9.17107200007269],[148.549463000417,-9.16709600018015],[148.547166999757,-9.16355899984781],[148.544963999789,-9.16245400015191],[148.541831999247,-9.15934599981802],[148.537262000741,-9.15584000001587],[148.532076999954,-9.15258500009764],[148.528004000085,-9.14866299999734],[148.52255599976,-9.14598499970789],[148.516762999713,-9.14467900063533],[148.514114999907,-9.14234500002169],[148.513165000165,-9.14277800020448],[148.509090000203,-9.1388000002197],[148.503344000525,-9.12872899984343],[148.500209999892,-9.1240039995849],[148.494219999753,-9.10979800007756],[148.487754000147,-9.09701699973466],[148.477631000071,-9.08359400036273],[148.462501000221,-9.07273099943603],[148.456042000039,-9.07345599959462],[148.451597000102,-9.06639000019828],[148.453662000001,-9.05350799969438],[148.451511999779,-9.04943599987133],[148.446286999845,-9.04527199940327],[148.444454999899,-9.04254799969039],[148.441460999426,-9.04079099960484],[148.440126999961,-9.03785299991598],[148.435159000188,-9.03486899990429],[148.431666999233,-9.03173600021614],[148.428583999152,-9.03130499922623],[148.424145999538,-9.02904300013428],[148.417882000254,-9.02874800002006],[148.414166999807,-9.03031200019859],[148.414479999852,-9.01792500003859],[148.412454999998,-9.01656300018225],[148.412637999444,-9.01480600009671],[148.411208000049,-9.00998100062264],[148.414087999761,-9.00459599960562],[148.41568300047,-9.00246399931394],[148.416222000145,-8.99900299978857],[148.417811000577,-8.9965889999823],[148.416167999454,-8.99233400071353],[148.413575999533,-8.99109999956528],[148.4138830002,-8.9897350004698],[148.412772000228,-8.9839980003074],[148.413497999533,-8.98347100028639],[148.411267999219,-8.97849799938303],[148.408715000197,-8.97647099943692],[148.382505065856,-8.97177403284525],[148.364962247909,-8.968630226004],[148.354782748825,-8.96680597101869],[148.347384516482,-8.9654801373983],[148.317340999787,-8.96009599973058],[148.16309357311,-8.93245324392195],[148.162773047538,-8.93397712624336],[148.104166999707,-9.21250000037469],[147.975847999786,-9.27892899977343],[147.973557000255,-9.28599500006909],[147.973053000396,-9.28688799988124],[147.971975000146,-9.28879999991996],[147.971819000147,-9.28971299975508],[147.971583000056,-9.29109999986504],[147.971695999871,-9.29265599967454],[147.972575999983,-9.29402799999218],[147.97358199961,-9.29525900010266],[147.975979999577,-9.29808600006868],[147.97750899994,-9.29952299978646],[147.978170999892,-9.300145999738],[147.980278999976,-9.30184799998516],[147.982904999666,-9.30298999958876],[147.984020999869,-9.30406399965381],[147.985694999725,-9.30542400031726],[147.986397999768,-9.30571200010866],[147.987604999671,-9.3062079995994],[147.988807000243,-9.30707299991894],[147.990072000123,-9.30727900042547],[147.990242999915,-9.30914900032599],[147.990374999707,-9.3106009998362],[147.99013500033,-9.31226099994513],[147.987869000154,-9.31532800018698],[147.987755000293,-9.31600900011517],[147.987243000065,-9.31906399980369],[147.987138999765,-9.32116400041827],[147.987017999581,-9.3235889998324],[147.98740000011,-9.32470800017405],[147.987898999739,-9.32617200023753],[147.988620999759,-9.32825199992976],[147.98977999655,-9.32908500506875],[147.990611999844,-9.32968300027023],[147.990759000328,-9.33009100019944],[147.989904999616,-9.33248600002884],[147.987763999809,-9.33450300041308],[147.987005999927,-9.33534399962582],[147.986336999653,-9.33608599966908],[147.984592000121,-9.33752799961741],[147.984153999707,-9.33819099961489],[147.9841169998,-9.33824700039872],[147.983448999572,-9.33920499961102],[147.983014000196,-9.34176900003927],[147.982989999989,-9.34247500022104],[147.982940000381,-9.34392300044601],[147.983104999896,-9.34579000020831],[147.985259000303,-9.34851299987492],[147.985422999772,-9.34872799989722],[147.986295999561,-9.34987499973135],[147.987623999648,-9.35103400011895],[147.988758999828,-9.3521670002068],[147.989975000146,-9.35341200006365],[147.990233000353,-9.35368900024714],[147.991445999633,-9.35499200008059],[147.992182000299,-9.35570999991644],[147.99357399974,-9.35712999974954],[147.994989000242,-9.35882699976616],[147.997758000232,-9.36171299975507],[147.999149999673,-9.36289400025787],[148.001368000333,-9.36534399992559],[148.002485999729,-9.36706500014952],[148.003267999819,-9.36800000009988],[148.003443999841,-9.36821099993763],[148.003858000047,-9.36873499982032],[148.00413,-9.37098600020369],[148.004753999997,-9.37224699989907],[148.005538000179,-9.37333199957203],[148.005874000385,-9.3751200001878],[148.006401000406,-9.37622099969934],[148.006793999643,-9.37652200009018],[148.00750400001,-9.3770670000419],[148.013273999895,-9.37707100022635],[148.013925000239,-9.3767879997663],[148.015076000257,-9.37629300032159],[148.016585999744,-9.37578600032351],[148.017617999671,-9.37542399981771],[148.019002999689,-9.3752819995646],[148.019803999755,-9.37520000027974],[148.021354000187,-9.3756470002088],[148.023610999948,-9.37612499976883],[148.02626500003,-9.37618900002218],[148.02930399988,-9.3762049998607],[148.033766999747,-9.37789000022328],[148.034564999675,-9.37875000031216],[148.035277000134,-9.38086299972753],[148.035852999716,-9.38196500018455],[148.036798000128,-9.38246900004424],[148.0381559998,-9.38319200011062],[148.040269000114,-9.38427499969141],[148.042074999762,-9.3872449999567],[148.043343999826,-9.38949600034006],[148.047536999833,-9.39325700021033],[148.04465199989,-9.39316899974945],[148.042082000084,-9.39308999970364],[148.043215000172,-9.3996930002316],[148.044312000399,-9.40181400001598],[148.047298999649,-9.40758700004],[148.048433999829,-9.40910399984962],[148.049929000423,-9.41094800034989],[148.05119999968,-9.41209400013793],[148.051758000232,-9.41259599990536],[148.053069999581,-9.41395200038449],[148.053221000249,-9.41408200008415],[148.054155000153,-9.41488500024248],[148.055119999688,-9.4154249999637],[148.056911000442,-9.41658999972862],[148.058447000229,-9.41700499998064],[148.060334000014,-9.41777100023143],[148.061182000449,-9.4188889996276],[148.061726000355,-9.42027699978365],[148.062721000374,-9.42240699998298],[148.063487999771,-9.42404900016113],[148.06352200044,-9.42532499964898],[148.063577000279,-9.42735199959497],[148.063019999773,-9.42874900016614],[148.062945999958,-9.42893399970423],[148.062450999614,-9.42951200027848],[148.061357000425,-9.43078999985857],[148.058925999835,-9.43524300016424],[148.059711000063,-9.43706899983436],[148.059957999762,-9.4402170002142],[148.061003000288,-9.44380500020049],[148.061008999666,-9.44552799961742],[148.061334000264,-9.44804100039182],[148.061774999916,-9.44937099967177],[148.061977000239,-9.44997799978478],[148.062129000053,-9.45052499982871],[148.062362000006,-9.45136699998693],[148.062900999682,-9.45337900014063],[148.063585999794,-9.45593300010785],[148.063272999749,-9.4578729996391],[148.063564999725,-9.45961399988607],[148.063922000001,-9.46174900031605],[148.063136999773,-9.46377900040045],[148.06234800026,-9.46600799976931],[148.062410000421,-9.46756200038595],[148.061847999685,-9.46764199957857],[148.060601999783,-9.46781799960097],[148.058958999558,-9.46719000031817],[148.058111000023,-9.46760499967093],[148.05783900007,-9.46857899962112],[148.057589000232,-9.47018399989155],[148.057284999703,-9.47150899984036],[148.056064000054,-9.47336700008691],[148.055768999939,-9.47532899973339],[148.055615000032,-9.47635200014452],[148.055744999732,-9.47713100009548],[148.055920999754,-9.47880599999684],[148.055643999571,-9.47981399971627],[148.054997000311,-9.48217000044508],[148.052608999906,-9.48181800040021],[148.050778000005,-9.48124900024107],[148.050098000123,-9.48096399968877],[148.047995000269,-9.481401000056],[148.046776999859,-9.48144400024024],[148.046053999792,-9.48146899959455],[148.044921999751,-9.48214800032993],[148.042909999597,-9.48335500023296],[148.041360000064,-9.48382700041571],[148.040526000275,-9.48408100043763],[148.040546000298,-9.48554599964815],[148.041174999627,-9.48809999961527],[148.041523000386,-9.48977400036972],[148.041578000225,-9.49003799995358],[148.042218000061,-9.49132900013308],[148.043905999662,-9.4943110000525],[148.044233000353,-9.49550500025543],[148.044809999982,-9.49628500025245],[148.044551999775,-9.49669400022782],[148.044224999984,-9.49721099978764],[148.039059000073,-9.49887800021946],[148.03620000043,-9.50032300030613],[148.035893999808,-9.50053500018993],[148.034851000274,-9.50126100039478],[148.032944999612,-9.50227200025257],[148.032372000168,-9.5025919997209],[148.031911999639,-9.50284899988134],[148.029687999602,-9.50378900006223],[148.028017999931,-9.50408100003801],[148.025711999709,-9.50416000008386],[148.02436100036,-9.50452299973659],[148.023487999672,-9.50538700001],[148.022776000112,-9.50675400009698],[148.021189999819,-9.50841000002145],[148.020345999568,-9.50921700036418],[148.019609999802,-9.51196300019223],[148.019137999619,-9.51380199956253],[148.021132999888,-9.51580700029269],[148.02344400034,-9.51730800026395],[148.024480999599,-9.51809499968443],[148.025836000031,-9.51924000032568],[148.027432999933,-9.52103100018047],[148.028629000228,-9.52217599992235],[148.02966500034,-9.52274800021997],[148.031019999873,-9.52353399959435],[148.033012000004,-9.52467700014342],[148.034289000437,-9.52603699990751],[148.035645000017,-9.52747000034014],[148.0360259996,-9.52805500033789],[148.036204999761,-9.52833000042915],[148.036102000407,-9.53197899963106],[148.035734999671,-9.53421400017583],[148.035831999647,-9.53651700025926],[148.036066999692,-9.53763100037031],[148.036316000383,-9.53881400006594],[148.036669999621,-9.53944500038644],[148.037198999734,-9.54039099994458],[148.037195000449,-9.54065500042776],[148.037206000057,-9.54181199982378],[148.037207000103,-9.54398200006916],[148.037055000288,-9.5464959999904],[148.037539000125,-9.54864900035102],[148.037628999779,-9.54896899981935],[148.037685999709,-9.54917100014143],[148.037910000147,-9.55022400013745],[148.039254000072,-9.55298599980392],[148.039189999819,-9.55454999998245],[148.039621999956,-9.55617800041433],[148.040748999767,-9.5576869998551],[148.041157999742,-9.55813599987648],[148.041466999603,-9.55847500022105],[148.042186000384,-9.55940599998678],[148.043305999872,-9.56134200023304],[148.043356000379,-9.56137499995623],[148.045697000416,-9.56291499992728],[148.04721300018,-9.56434600026762],[148.048273999645,-9.56604300028421],[148.048902999874,-9.56740200000212],[148.049270999757,-9.56819699979166],[148.052706999928,-9.56718499988779],[148.053979000131,-9.56611399996104],[148.05485199992,-9.56482599991989],[148.055663999594,-9.56368100017789],[148.055760999571,-9.56216400036829],[148.056397000121,-9.5611900004181],[148.056510999983,-9.5610150004419],[148.056659999659,-9.56094299981953],[148.057024000258,-9.56076699979714],[148.062485000283,-9.56322299974152],[148.06463399956,-9.5635030000633],[148.066171000292,-9.56426900031409],[148.066784999828,-9.56457399998999],[148.066701999598,-9.5664350003749],[148.065449000271,-9.5696769996937],[148.065795000039,-9.57041200031353],[148.066970000265,-9.57290400011942],[148.070239999976,-9.57547900015562],[148.071997000062,-9.5773399996412],[148.073592999917,-9.5788429997046],[148.075028999589,-9.58027500009105],[148.076861999582,-9.58113099999559],[148.078538999575,-9.58320800044874],[148.081015999589,-9.58650399955991],[148.081901999977,-9.58987600037706],[148.082146000438,-9.59159899979399],[148.083499999925,-9.59209800032233],[148.084832000197,-9.59257399979016],[148.08549100001,-9.59280899983536],[148.086687000305,-9.59338000008684],[148.089034999766,-9.59465300033565],[148.094368000183,-9.59161499963251],[148.096362000406,-9.59106200021104],[148.097899000239,-9.59154900018616],[148.09989100037,-9.59247699981358],[148.103000999896,-9.59462099975929],[148.103368997981,-9.59542500086298],[148.103487999871,-9.59568500026251],[148.103489999964,-9.59806600034557],[148.103579999618,-9.60122600037949],[148.10390400017,-9.60238800000616],[148.103859007088,-9.60560100788013],[148.105137000372,-9.60764300042405],[148.105431999587,-9.60811399966128],[148.106030000185,-9.60848100039771],[148.106947000204,-9.60904200018809],[148.108493999599,-9.60909299984202],[148.110210999638,-9.6096779998398],[148.110930000419,-9.61060899960551],[148.110860999935,-9.6120630001073],[148.11121299998,-9.61364300012422],[148.111361999657,-9.61385700010037],[148.112157000346,-9.61499899970397],[148.11330900041,-9.61672300006637],[148.114300000245,-9.61669100038932],[148.115760674616,-9.61619821417618],[148.116198999684,-9.61604999870843],[148.116653826413,-9.61584326075785],[148.117470999887,-9.61547099988667],[148.118538999675,-9.61471099991269],[148.120888000081,-9.61416800005304],[148.123592999817,-9.61511499965748],[148.126783000335,-9.61623099986071],[148.127979999777,-9.6173759996026],[148.130453999652,-9.61973799880946],[148.132766000151,-9.62080700044265],[148.13506500005,-9.62159199977095],[148.135474000025,-9.62173199993175],[148.138180999853,-9.6221539996073],[148.140088999708,-9.62178899986237],[148.141948,-9.62212800020689],[148.142796000435,-9.62228200011417],[148.143393000087,-9.62255900029755],[148.145106999988,-9.62335199999473],[148.147900000185,-9.62571200000873],[148.150612000244,-9.62757000025528],[148.151093999988,-9.6285769999285],[148.151813999916,-9.63007999999196],[148.152029999985,-9.63038100038284],[148.152533999844,-9.63108200033396],[148.153071000327,-9.63061899966704],[148.153984000162,-9.62983400033876],[148.154084000277,-9.62957600013221],[148.154287999791,-9.62905100020344],[148.15538199988,-9.6264770002133],[148.156332999669,-9.6251809998032],[148.158475999568,-9.6235940003628],[148.159428000302,-9.6229450001116],[148.161174999927,-9.62171800018546],[148.161930999716,-9.62001199975391],[148.162833999989,-9.61826600017571],[148.165064000303,-9.6188330002426],[148.166743000389,-9.62112499981879],[148.167941999924,-9.62277300027364],[148.168822000035,-9.62434900010622],[148.170008999916,-9.62713700007243],[148.172376000252,-9.62911599960364],[148.174175999623,-9.63072199992025],[148.176166999707,-9.63143300033268],[148.178394999929,-9.63142600000986],[148.179087000365,-9.63177599996238],[148.180228999969,-9.63235299959121],[148.181206000057,-9.63359800034732],[148.181746999824,-9.6342869997452],[148.181898999639,-9.63501600008823],[148.182151999615,-9.63622400003748],[148.183589000232,-9.6375120000787],[148.184308000114,-9.63837100012148],[148.184882999651,-9.63953399979414],[148.185584999648,-9.64162399994752],[148.186396000175,-9.64403699970774],[148.187915000077,-9.64604200043796],[148.189271999703,-9.64704299983447],[148.191109999927,-9.64926199964151],[148.192967000127,-9.65028500005264],[148.193182000149,-9.65040400014436],[148.195653999932,-9.65183200034648],[148.196333999814,-9.6537269996013],[148.196660999606,-9.65464000033562],[148.198367000037,-9.65383299999286],[148.198692999782,-9.65591399973118],[148.202991000135,-9.65625800030642],[148.205619999963,-9.65725400037179],[148.207293999818,-9.65789500025403],[148.210000999647,-9.65838799960649],[148.212551000329,-9.65938399967172],[148.214859999789,-9.65966299994738],[148.216468000198,-9.66029700040621],[148.21756899971,-9.66073099973575],[148.219789999609,-9.66221599986841],[148.221413999856,-9.66330100044071],[148.221620000363,-9.66367299960917],[148.223240000426,-9.66659899964405],[148.224681000328,-9.66896299984239],[148.224920999704,-9.66953500014012],[148.225404000395,-9.67068400006645],[148.226363999699,-9.67204499987667],[148.226692000436,-9.67243699996755],[148.226843000204,-9.67261800022049],[148.227405000041,-9.67405199979993],[148.227571999648,-9.6761339995843],[148.227027999743,-9.67784300015426],[148.227346000018,-9.67950999968662],[148.227475999718,-9.68018900042194],[148.227580000017,-9.68177299972404],[148.227762000316,-9.68453500029],[148.226972999904,-9.68837600025217],[148.225006000027,-9.68951000038612],[148.223440999803,-9.69000599987698],[148.222291999876,-9.6903699995757],[148.22130900041,-9.69126400033321],[148.221180999903,-9.69138000028676],[148.2219870002,-9.69410500004556],[148.22242599976,-9.69539200004067],[148.222550000082,-9.69575499969341],[148.223150999919,-9.69675399989706],[148.223670999617,-9.69761800017051],[148.225268999565,-9.69940699993303],[148.226667000182,-9.70021000009133],[148.228858999643,-9.70162100040881],[148.229060999965,-9.70176199971645],[148.230693999728,-9.70290600031155],[148.231743999586,-9.70355299957122],[148.231970000116,-9.70369199968593],[148.233010000411,-9.70519599979547],[148.234923999643,-9.70619399995304],[148.236518000306,-9.70676300011234],[148.237107000488,-9.70711299916548],[148.237176000073,-9.70715400015694],[148.237429000048,-9.70742800020202],[148.238206999953,-9.70826900031403],[148.237201000326,-9.70949600024018],[148.234994000173,-9.71126800011803],[148.235121999781,-9.71238500036736],[148.235393999734,-9.71383699987751],[148.235760999571,-9.71524299996435],[148.236949000396,-9.71588099970826],[148.239968000223,-9.71503500026496],[148.242414999753,-9.71490699975811],[148.243550999979,-9.71508299978058],[148.248088999708,-9.71533799984866],[148.247668000078,-9.71616400016837],[148.247274999941,-9.71759599965555],[148.24690900015,-9.71893200011169],[148.246887000035,-9.71930800036387],[148.246834000289,-9.72022500038344],[148.247165000265,-9.72056099969035],[148.248702000098,-9.72212199973035],[148.248520999844,-9.72438399972174],[148.248763000213,-9.72524499985678],[148.24871699989,-9.72603300022268],[148.248589000282,-9.72820399961477],[148.247960000054,-9.73030899956063],[148.247644999917,-9.73136399964881],[148.24770900017,-9.73260900040498],[148.248701000051,-9.73441199991379],[148.250241000022,-9.73737399981014],[148.25103399972,-9.73858599994386],[148.251600999787,-9.73945200030949],[148.25335599978,-9.74037899989083],[148.254165000215,-9.74146100032489],[148.255033999819,-9.74224000027567],[148.258306999668,-9.74481300021968],[148.260337999799,-9.74780199956257],[148.260788999913,-9.74846599960614],[148.262445999883,-9.74889200036541],[148.263816000108,-9.74924400041017],[148.265488999918,-9.74952499987877],[148.26663100042,-9.75007199992268],[148.267911000093,-9.75015099996858],[148.269392000041,-9.75044399999059],[148.272420000283,-9.75122299994143],[148.273228999819,-9.75132500014848],[148.273924000392,-9.75141199966402],[148.275367000387,-9.75178599982389],[148.277358999618,-9.75209599973055],[148.278075000261,-9.75220700035265],[148.279984000162,-9.75184099966224],[148.281808999786,-9.7504700002902],[148.282443000244,-9.74974900031606],[148.283746000078,-9.74859300006677],[148.283704999986,-9.74794199972343],[148.283660999756,-9.74722900011813],[148.281440999902,-9.7449300002193],[148.281993000177,-9.7435640001783],[148.284864000374,-9.74483700042719],[148.285347000164,-9.74487999971211],[148.285847999885,-9.74492499998872],[148.287120000088,-9.74463300001288],[148.290220000053,-9.74368799960145],[148.292211000138,-9.74389600020021],[148.293323000156,-9.7433169995798],[148.294616999575,-9.74277000043514],[148.29554800024,-9.74237600025208],[148.29785200037,-9.74114600018772],[148.298814997115,-9.73983199804815],[148.299434999626,-9.73898600040349],[148.301180000057,-9.73747099978675],[148.302765000305,-9.73559799974782],[148.303172000188,-9.73513499998022],[148.303398999864,-9.73487799981978],[148.303645000417,-9.73476700009696],[148.304830000205,-9.7342339997992],[148.306258000407,-9.73328700019488],[148.307530999756,-9.73328199996423],[148.307613999986,-9.73407200042243],[148.307701000401,-9.73501499984235],[148.307803999755,-9.73613800036834],[148.309860000139,-9.73865899971298],[148.312343000429,-9.73974500033148],[148.313813999916,-9.74075099995855],[148.315956999816,-9.74151700020923],[148.317188999972,-9.74186800020794],[148.318159000638,-9.74207699545696],[148.318469999691,-9.74214400034532],[148.31860000029,-9.74215399990716],[148.319345999618,-9.74221299992997],[148.319710000216,-9.74233400011395],[148.319983000215,-9.74242499981381],[148.32063100042,-9.74252599997488],[148.321336999703,-9.74263599965151],[148.322610999998,-9.74188400004641],[148.324594999759,-9.74092599993486],[148.325297999803,-9.74150100037071],[148.326594000213,-9.74530000019467],[148.326674000305,-9.74684799963535],[148.326704999936,-9.7482840002063],[148.326337000053,-9.74935400008701],[148.326163000122,-9.74969699971672],[148.325745999778,-9.75051699975968],[148.325641000332,-9.75067499985125],[148.325201999873,-9.75133399966427],[148.324451000314,-9.7527860000738],[148.324491000359,-9.75511699964973],[148.324765999551,-9.75722699982613],[148.324819000197,-9.75762900037797],[148.325862999778,-9.75992300004635],[148.326438000214,-9.75981699965474],[148.327454000302,-9.75962899997831],[148.330466999852,-9.75681699980459],[148.332215000422,-9.75609199964595],[148.33325199968,-9.75666299989745],[148.335005999627,-9.75737400030977],[148.336200999876,-9.75751300042458],[148.336677000243,-9.75708000024167],[148.336599000244,-9.7561470003837],[148.336592999967,-9.75607499976134],[148.336222999992,-9.75486100043473],[148.336271000407,-9.7545539997671],[148.336318999922,-9.754246999999],[148.337376000102,-9.75284099991217],[148.339525000279,-9.75276099982011],[148.340718999582,-9.75282800021194],[148.342228999968,-9.75224800044476],[148.343474999872,-9.7503320002216],[148.344522999637,-9.74871999962824],[148.344758999728,-9.74800099974629],[148.347141999904,-9.74669899995871],[148.348167999554,-9.74672600030459],[148.348950999689,-9.74674600032756],[148.350374999707,-9.74728900018715],[148.351385000418,-9.74823699983757],[148.352567000067,-9.74990899960057],[148.353608000409,-9.75155600000931],[148.354570999852,-9.75341899958705],[148.35641300026,-9.75621199978395],[148.356994000073,-9.75735400028681],[148.357215000372,-9.75778899966252],[148.358892000366,-9.75907499961136],[148.359028000342,-9.75932799958749],[148.360735999966,-9.76251399992107],[148.361026999896,-9.7636320002166],[148.361221999895,-9.76437899959102],[148.362168000353,-9.7638840001464],[148.36266499989,-9.75826500002967],[148.362969000419,-9.75729100007954],[148.365476000018,-9.75380800043884],[148.365775000316,-9.75373599981651],[148.366987999597,-9.75344199974837],[148.368092000146,-9.75343700041719],[148.369534001893,-9.75343100463709],[148.370655049991,-9.7537513008818],[148.371765999601,-9.75406899988434],[148.372959999804,-9.75420799999916],[148.373571000102,-9.75342800000215],[148.37480799959,-9.75184699993907],[148.376184000092,-9.74958299985547],[148.376417000045,-9.74853400004395],[148.376595000159,-9.74773099988568],[148.376986000204,-9.74593399975425],[148.378207999899,-9.74394299966958],[148.378705000336,-9.74275000041206],[148.378879000266,-9.74233099997561],[148.379247000149,-9.74111799979573],[148.379198999734,-9.73936299980249],[148.379407000333,-9.737655000178],[148.379566999617,-9.73549999972516],[148.380014999593,-9.73404700016886],[148.380798999774,-9.73187599987739],[148.382296999607,-9.73368999989356],[148.385449000171,-9.73400900021516],[148.387487999771,-9.73372499970884],[148.389712999855,-9.73289900028852],[148.389879000316,-9.73283700012735],[148.391402000402,-9.72936099991018],[148.392163999569,-9.72925200027952],[148.393470999587,-9.72906499974988],[148.394343000229,-9.72841600039807],[148.395218000111,-9.72812499956899],[148.396602000082,-9.72858800023597],[148.39769600017,-9.73091499962743],[148.398656000374,-9.73213199999174],[148.399854999908,-9.73320399996455],[148.400654999929,-9.73420600030654],[148.400857000251,-9.73500000004981],[148.401220999949,-9.73642900029808],[148.401527999718,-9.73765099999355],[148.401706999878,-9.73836599969105],[148.404819000397,-9.74043499977529],[148.407205999857,-9.74013799956891],[148.408161999877,-9.74027799972988],[148.409920000008,-9.74206600034553],[148.411520000048,-9.7439259997849],[148.412146000138,-9.74462599969008],[148.412798999674,-9.74535700012541],[148.414474999622,-9.74649899972899],[148.41654799989,-9.74735200039443],[148.417684000117,-9.74770300039307],[148.418380999884,-9.74791800041532],[148.41973500027,-9.74805599958467],[148.421885999639,-9.74862199960552],[148.423502999564,-9.74874900006621],[148.426206000107,-9.749515000317],[148.426914000381,-9.74954199976338],[148.427469999941,-9.74956299983251],[148.42905700028,-9.75045899978283],[148.429833000093,-9.75152999970966],[148.430654000182,-9.75266299979751],[148.434111999569,-9.75608999955374],[148.435905000416,-9.75814599993782],[148.437679000386,-9.75652499982875],[148.440293000422,-9.75442700020586],[148.440375999753,-9.75435999981403],[148.44051699996,-9.75431400039065],[148.441851000323,-9.75388100020791],[148.4440259999,-9.7526999997051],[148.445777999755,-9.75211100042224],[148.446731999682,-9.75174799987024],[148.446828999659,-9.7516719999628],[148.446935000051,-9.75158999977863],[148.447703000393,-9.75341000007142],[148.448486999675,-9.75566000040858],[148.451332999618,-9.75795900030756],[148.453373000164,-9.76012999969964],[148.45457399979,-9.76140800017895],[148.456141000107,-9.76232200006007],[148.457156000149,-9.76291500042686],[148.459234999796,-9.76395199968494],[148.462310000406,-9.76503700025734],[148.465503000163,-9.76724899974147],[148.467901000131,-9.76946400026332],[148.469580000217,-9.77118000025672],[148.470305000376,-9.77304399988061],[148.472139999561,-9.77411299971505],[148.474136999923,-9.77575599993934],[148.474924000242,-9.77660899970546],[148.477034999566,-9.77770199974741],[148.477762999863,-9.77815199981489],[148.479050999904,-9.77894899969648],[148.479888999878,-9.7795040001094],[148.480043999831,-9.77960700036271],[148.481241000172,-9.7803199999679],[148.481641999779,-9.7810359997115],[148.483165999911,-9.78347099958682],[148.484932999558,-9.78448999981362],[148.488123000077,-9.78794499996172],[148.490748999767,-9.78969599977041],[148.491075000411,-9.78991299988503],[148.492618999667,-9.79091200008857],[148.49243900036,-9.79254900003622],[148.492339000245,-9.79268199987434],[148.49125199958,-9.79413300023766],[148.490621000159,-9.79542899974847],[148.49046500016,-9.79607499986133],[148.490632999813,-9.79808499992278],[148.490602000182,-9.79833799989865],[148.490583000205,-9.79848699957534],[148.490583000205,-9.79848799962134],[148.489763000162,-9.79938100033287],[148.488653000236,-9.80024799984529],[148.487542000263,-9.80111400021087],[148.48842599966,-9.80297699978868],[148.489654999679,-9.80445599964458],[148.490557999952,-9.80535599977953],[148.49082599972,-9.80562300040106],[148.490339999791,-9.80735600027913],[148.490120999585,-9.80813900041443],[148.48877400042,-9.80950899974045],[148.487108000034,-9.810809000335],[148.482897000097,-9.81254999968269],[148.482585000098,-9.81366699993197],[148.48296899982,-9.81456099979027],[148.484463000367,-9.81760800000917],[148.486175000176,-9.8192520002795],[148.487663000447,-9.82046699965219],[148.488631000121,-9.82101599978853],[148.488814999613,-9.82112100013394],[148.490184999838,-9.82257000040516],[148.491780999694,-9.82471500039686],[148.493619999963,-9.82521199993374],[148.495772000278,-9.82577699990856],[148.496140000161,-9.82540499984083],[148.497199000434,-9.82433399991412],[148.500535999637,-9.82295500017296],[148.502498000183,-9.82236700003694],[148.504688999598,-9.82167999983211],[148.506590000029,-9.82126799971838],[148.50717399998,-9.82114100015701],[148.50722599968,-9.82113999381557],[148.508821000389,-9.82110899958059],[148.509682999671,-9.82126300038709],[148.510228999669,-9.82145000001736],[148.510718999782,-9.82161799967082],[148.513272999749,-9.8229710000116],[148.514073999815,-9.82312700001091],[148.514707000228,-9.82325100033336],[148.517032000427,-9.82441900023663],[148.518840000166,-9.82536099961033],[148.5200520003,-9.82566900032401],[148.521966000431,-9.82652100004401],[148.524027000146,-9.8273600000639],[148.524757999682,-9.82765800031643],[148.527070000181,-9.82850899999034],[148.52874800022,-9.82993700019228],[148.529710999663,-9.83158399970165],[148.5298830004,-9.8343830001752],[148.530128000007,-9.83567500040085],[148.530850000027,-9.83689199986578],[148.531066000096,-9.83711999958827],[148.53173000014,-9.83782100043868],[148.532769000389,-9.83867800038934],[148.533408000179,-9.83910600034152],[148.53401800043,-9.83993699999252],[148.534759000428,-9.84094699980409],[148.535094999735,-9.84249500014403],[148.535078999896,-9.84562399964785],[148.533217000364,-9.84944599963307],[148.531718999632,-9.85261199994381],[148.531853000416,-9.85269900035849],[148.53379500004,-9.85396600033063],[148.536185999684,-9.85460199998221],[148.537221999796,-9.8545779997748],[148.538893000412,-9.85459000032819],[148.542000999846,-9.85536500009466],[148.542466999752,-9.85546800034787],[148.545189000272,-9.85606800013806],[148.545928000177,-9.85627299969906],[148.54646499976,-9.85642200027501],[148.548777000259,-9.85712899960351],[148.551327000041,-9.85769200038544],[148.55330400038,-9.85836700003699],[148.55340000031,-9.85839999976014],[148.558423999968,-9.8605239996827],[148.562731999882,-9.86201900027652],[148.563644999717,-9.8626050003204],[148.564653000336,-9.86416400026839],[148.564825000174,-9.86689100011951],[148.5649619957,-9.86788600103803],[148.565071999873,-9.86868500011263],[148.566508999591,-9.86946800024795],[148.566962999843,-9.86997400019987],[148.567468999795,-9.87054000022072],[148.567833000393,-9.87155000003237],[148.567981000023,-9.87196100010005],[148.567641999679,-9.87387300013875],[148.568205999607,-9.87620999999149],[148.569711999809,-9.87611800024548],[148.572032999823,-9.87597599999232],[148.575138000019,-9.87596100019987],[148.57515599995,-9.87596899966956],[148.578170000445,-9.87723899977999],[148.579854999908,-9.88003099993063],[148.579827000416,-9.88094899999618],[148.579786000324,-9.88232899978346],[148.580749999813,-9.8839760001921],[148.582661999852,-9.88439799986776],[148.584193000307,-9.88498099977329],[148.585454000002,-9.88546100032484],[148.585713000255,-9.8858769997238],[148.586256000114,-9.88675000041207],[148.587077000204,-9.88842899959849],[148.587962999693,-9.88977499961652],[148.589387999756,-9.89153199970184],[148.592815999559,-9.89200700002296],[148.59451699976,-9.8923610001599],[148.595843999801,-9.89263800034333],[148.597511000233,-9.89272799999708],[148.599745999878,-9.89344399974067],[148.600382000429,-9.8936470001089],[148.602616000028,-9.89464200012812],[148.6042079997,-9.89456200003611],[148.60754799994,-9.89375699978565],[148.609008999866,-9.89340299964863],[148.610569999906,-9.89302400015737],[148.614073999616,-9.89300700027274],[148.615402999749,-9.89254399960577],[148.61574300014,-9.89242500041337],[148.6182079996,-9.89176699974712],[148.620033000123,-9.8906100003511],[148.622740999997,-9.8898009999162],[148.625592000171,-9.88771099976271],[148.625714000401,-9.88762100010893],[148.627485000233,-9.88631500013702],[148.629481999695,-9.8854669997022],[148.631317999826,-9.88639100004445],[148.631724999709,-9.88683499983535],[148.632758999728,-9.88796299969261],[148.635392999787,-9.88938599966406],[148.636280000222,-9.89027800032944],[148.637314000241,-9.89131599963361],[148.638737000212,-9.89187400018489],[148.6400260003,-9.89237900009067],[148.64050900009,-9.89272399981264],[148.641223999788,-9.89323499999523],[148.642842999805,-9.89540700033269],[148.64436099966,-9.89660399977464],[148.646835999582,-9.89855499981338],[148.647943000269,-9.89944799962542],[148.648629999575,-9.90002900033801],[148.649463000217,-9.90073300042752],[148.651458999633,-9.90201500019209],[148.653980999923,-9.90435600022921],[148.654878999966,-9.90555799990171],[148.655262999688,-9.90607300026859],[148.65674299959,-9.90780500010051],[148.658900000135,-9.90923000016431],[148.660819999643,-9.91108700036467],[148.661836999778,-9.91171200040839],[148.663137000372,-9.91251100038233],[148.666479999852,-9.91317899971097],[148.666644000221,-9.91321200033349],[148.668254999868,-9.91305999961913],[148.668536000236,-9.91303300017274],[148.673653999732,-9.91349599994033],[148.679572000148,-9.91419799993764],[148.683634999556,-9.91386299977752],[148.685755000193,-9.91396299989237],[148.687752999701,-9.91518799972637],[148.688285999999,-9.91566400009339],[148.689512999925,-9.9167590002276],[148.69045700029,-9.91719899983389],[148.69286499982,-9.91832100031388],[148.695107999834,-9.92096599998081],[148.695671999763,-9.92294500041136],[148.695759000178,-9.9236909997398],[148.694816999905,-9.92690699965817],[148.694226999676,-9.92892199995032],[148.696642000428,-9.9328169997047],[148.700588999883,-9.93386100018495],[148.701069000434,-9.93414699988409],[148.702984999758,-9.9352850002025],[148.705392000141,-9.93886199968143],[148.707875999578,-9.94179299994687],[148.711786000024,-9.94327800007961],[148.714247000199,-9.94197600029213],[148.715812999571,-9.94098100027287],[148.716865999566,-9.94031099995267],[148.718326000345,-9.93906700014185],[148.71947800041,-9.93811000007627],[148.720848999782,-9.9375349996405],[148.722343000329,-9.93690899955066],[148.722867000212,-9.93682800031179],[148.723045000327,-9.93680099996612],[148.724916000273,-9.93723200005672],[148.726596000405,-9.93751100033233],[148.728398999914,-9.9378109997777],[148.729276999934,-9.93830900026007],[148.729837999724,-9.93902399995756],[148.729798999724,-9.94072900034297],[148.730570000205,-9.94189200001576],[148.732012000154,-9.94346399966379],[148.733005000081,-9.94534600011774],[148.734841000212,-9.94634200018299],[148.73776099997,-9.94659200002076],[148.7401559998,-9.9476569996707],[148.740993999774,-9.94756900010913],[148.743737000362,-9.94727900022565],[148.744734999621,-9.94630999960669],[148.744878999966,-9.94596499988473],[148.745371000172,-9.94478700041963],[148.746158999638,-9.94469599982051],[148.747815999609,-9.94591100009246],[148.749388000156,-9.94681899969704],[148.751461999572,-9.94752599992484],[148.756506000152,-9.94933100042528],[148.759864000324,-9.94929899984885],[148.763554999664,-9.94814799983028],[148.768308000314,-9.946665999836],[148.768868000058,-9.94607999979212],[148.769940000031,-9.9449580002114],[148.770884000397,-9.94226099994513],[148.772579000321,-9.94088799958148],[148.77331700018,-9.94009499988425],[148.774673999805,-9.9386360000513],[148.775154000357,-9.93590800015397],[148.777616999725,-9.934216000368],[148.777911999839,-9.93395500002311],[148.779840999762,-9.9322519997299],[148.781183999642,-9.93268299982054],[148.782480000052,-9.93413600027611],[148.784399000414,-9.93512600006478],[148.786413999806,-9.93488599978895],[148.786750000013,-9.93541299981008],[148.788046000423,-9.93665799966687],[148.790604999721,-9.93680200001222],[148.792508000244,-9.93651400022088],[148.793404000195,-9.93704100024182],[148.794284000307,-9.93973899965505],[148.794492000006,-9.94256400042821],[148.793116000403,-9.94519799958795],[148.791036999858,-9.9501929997071],[148.790497000137,-9.95153000020929],[148.789558000002,-9.95385699960082],[148.788928999774,-9.95529600031007],[148.789893000162,-9.95694199977344],[148.790985000158,-9.95744400044016],[148.791651000294,-9.95793699979265],[148.792937000243,-9.960299999945],[148.793024999804,-9.96176700014691],[148.795292000026,-9.96413000029917],[148.795668000278,-9.96452100034378],[148.798221000199,-9.96551200017859],[148.799997000261,-9.96988200025402],[148.800487000375,-9.97210400019935],[148.799965999731,-9.97448700037473],[148.801580000417,-9.97603299972303],[148.802263999584,-9.97668900029709],[148.806171999938,-9.97774500043136],[148.810231000061,-9.97736399994859],[148.812614000236,-9.97696200029607],[148.813652999587,-9.97691499992721],[148.814237999584,-9.97669399962827],[148.815003999835,-9.97640499979087],[148.817029999735,-9.97572800004712],[148.81762600024,-9.97552899986336],[148.818090000054,-9.97540899972552],[148.819614000186,-9.97501599958865],[148.822002999739,-9.9749310001655],[148.823785000078,-9.97519799988765],[148.824314000191,-9.97527699993357],[148.824697999913,-9.9752630001873],[148.826622999652,-9.97519299965711],[148.827891999716,-9.9747910000046],[148.829347000264,-9.97439199959093],[148.831072999819,-9.97358900033203],[148.831944000415,-9.97265100024339],[148.832414999653,-9.97142799960239],[148.833628999879,-9.96912599956511],[148.833907000108,-9.96864699995899],[148.834908000404,-9.96692199955054],[148.83554800024,-9.96499100043429],[148.835947999801,-9.96254900023616],[148.835787999617,-9.96005899962307],[148.835276000287,-9.95841500025193],[148.835067999688,-9.95701000021125],[148.835148999827,-9.95631499963748],[148.835260000449,-9.95536599994086],[148.836059999569,-9.95434399957588],[148.837595000209,-9.95316299997245],[148.838336000206,-9.95267900013562],[148.839977000338,-9.95160600011673],[148.84140000031,-9.95018500023748],[148.841774999617,-9.94910599994188],[148.841844000101,-9.94890699975816],[148.841741993598,-9.947706001031],[148.841587999986,-9.94589300016179],[148.841653000286,-9.94330899971044],[148.840926000035,-9.94144600013265],[148.83678699982,-9.93873500012001],[148.836605999567,-9.93773699996246],[148.83678699982,-9.93740599998676],[148.837157999842,-9.93672900024314],[148.837380000187,-9.9365690000592],[148.838664000044,-9.93564399967074],[148.840335999807,-9.93549099980977],[148.842165999661,-9.93540899962552],[148.843599000094,-9.93532999957972],[148.84435599993,-9.93529699985658],[148.845510000087,-9.93524700024876],[148.847417999941,-9.93473399997395],[148.848153999707,-9.93450900038995],[148.849324999749,-9.93415000002244],[148.851719000432,-9.93353300034762],[148.852744000036,-9.93326899986437],[148.853208999896,-9.93314899972637],[148.853899000239,-9.93296999956575],[148.855098999819,-9.93322599968008],[148.856883000251,-9.93310300030317],[148.85831699983,-9.93242699970614],[148.859270999757,-9.93197699963873],[148.862445999583,-9.93127699973367],[148.864120000338,-9.93162699968616],[148.864782000289,-9.93187600037708],[148.867312000049,-9.93282900025804],[148.868385000068,-9.93355799970181],[148.868990000089,-9.93396899976944],[148.870123000176,-9.93712100033372],[148.870214999922,-9.94019800013751],[148.87023900013,-9.94098599960416],[148.871356000379,-9.94172100022389],[148.871663000147,-9.94192199960048],[148.873968000323,-9.94133500040982],[148.874841000112,-9.94082700036574],[148.875868999855,-9.93960099958634],[148.877931999662,-9.93829699970668],[148.878643000075,-9.93735999966418],[148.879081999635,-9.93694799955051],[148.880282000114,-9.93589400040771],[148.881654000432,-9.93475900022765],[148.883637000147,-9.93345600039401],[148.885457999587,-9.93165099989359],[148.886874000135,-9.9300190001767],[148.887602000432,-9.92922000020269],[148.888147000384,-9.92862099955938],[148.890210000191,-9.92738900030201],[148.892434000229,-9.92651499956749],[148.894662999598,-9.92643100019042],[148.896177000169,-9.92656600012079],[148.899195999995,-9.92547200003276],[148.90082599962,-9.92528600044846],[148.90317399998,-9.92501799978085],[148.905306000272,-9.92544999991749],[148.906282000314,-9.92564700000901],[148.909068000188,-9.92555900044743],[148.910067000392,-9.92543099994061],[148.910818999997,-9.92533399996404],[148.912727999898,-9.92510800033392],[148.91447799966,-9.92481000008133],[148.916745999928,-9.9252640003333],[148.917267999719,-9.92536899977945],[148.920055999685,-9.92563999968622],[148.923012000204,-9.9260709997767],[148.924003000039,-9.92659799979771],[148.927951999585,-9.92810700013786],[148.929544000156,-9.92816400006842],[148.931762999963,-9.92846100027481],[148.932396000375,-9.92765099979363],[148.932802000212,-9.92700200044185],[148.932823000281,-9.92694499961193],[148.932959000258,-9.92657100035121],[148.933062999658,-9.92641200021353],[148.933195000349,-9.92620999989147],[148.934859999789,-9.9249090001502],[148.935712000409,-9.92503499966546],[148.935678999786,-9.92591899996183],[148.935663999994,-9.92633999959128],[148.935951999785,-9.92701700023428],[148.936459999829,-9.92821000039107],[148.93718199985,-9.92913900006472],[148.938673000259,-9.93105000005739],[148.940289000137,-9.93133799984878],[148.941285000203,-9.93129200042546],[148.942062000061,-9.93125599966459],[148.94396899987,-9.93052700022077],[148.943634999756,-9.92787300013879],[148.943394000333,-9.92681800005055],[148.94317400008,-9.92585299961616],[148.941891000269,-9.92349000036313],[148.939684000117,-9.91942499996373],[148.932798000028,-9.91563899983993],[148.930897999643,-9.91459500025899],[148.930931000266,-9.91456499977482],[148.931532000102,-9.91401699968464],[148.933201999773,-9.91379200010062],[148.935668000178,-9.9140729995691],[148.937661000355,-9.91383800042326],[148.938854999659,-9.91383100010046],[148.942888000381,-9.9149789999808],[148.946270999907,-9.91594200032302],[148.948919999758,-9.9144800003516],[148.950080000192,-9.91383800042326],[148.952310999653,-9.91418400019143],[148.953666000086,-9.9145350001901],[148.955338999895,-9.91466900007423],[148.957331000026,-9.9149440001654],[148.95932200011,-9.91507599995737],[148.961391000195,-9.91492100000403],[148.96266499959,-9.91498500025751],[148.963791000255,-9.91524899984137],[148.96505700018,-9.91554500000165],[148.965414999603,-9.91557100030139],[148.965901999578,-9.91560600011679],[148.967686000009,-9.91596000025374],[148.969150000073,-9.91629100022943],[148.969693999978,-9.91659399981315],[148.970716000343,-9.91678699972022],[148.97327000031,-9.9178660000158],[148.973993000377,-9.91893799998861],[148.976532999698,-9.92226499962988],[148.979739000055,-9.92120100002609],[148.98068300042,-9.9193290000332],[148.981341000187,-9.91891299973504],[148.981642999725,-9.91872199992031],[148.982504999906,-9.91781100017744],[148.983536999833,-9.91730300013331],[148.984323000107,-9.91571899993187],[148.985031000381,-9.91420700035275],[148.985897999893,-9.91276599955114],[148.985773000424,-9.91055199997477],[148.985871000447,-9.9083160002831],[148.985383999572,-9.90673999955124],[148.984334999761,-9.90437700029826],[148.983520999994,-9.90143899970992],[148.983432000387,-9.89985999973914],[148.982785000228,-9.89821300022965],[148.982582999906,-9.89785399986209],[148.982302000437,-9.89735500023295],[148.978923000196,-9.89428099966837],[148.979728999594,-9.89299100043423],[148.979845999593,-9.89285200031953],[148.980519000052,-9.89205400039174],[148.981111000373,-9.89071899998175],[148.981797999678,-9.88958599989388],[148.982105000346,-9.88882299978157],[148.982570000206,-9.88766799957841],[148.983508000294,-9.88600600027661],[148.984058999623,-9.88492599993492],[148.984134000384,-9.88420800009902],[148.983803000408,-9.88212800040686],[148.983397999718,-9.88091100004244],[148.983144999742,-9.88023799958399],[148.982992999927,-9.87983599993128],[148.98285199972,-9.87962099990915],[148.982431000091,-9.87897799993471],[148.983192000111,-9.87779200010066],[148.98385199997,-9.8769600004036],[148.983881000408,-9.87631799957592],[148.984441000152,-9.87571200040843],[148.984879999712,-9.87534299957969],[148.98553500024,-9.87529500006412],[148.985868000308,-9.87509799997271],[148.986385999914,-9.87479200025059],[148.986780000097,-9.87443199983688],[148.987098000372,-9.87414099990719],[148.987570999702,-9.8734209999791],[148.986930999866,-9.87195599986939],[148.986037000008,-9.87061900026665],[148.986041000192,-9.86974999976253],[148.984918999712,-9.86920099962634],[148.984197999738,-9.86841600029805],[148.983479999902,-9.868132999838],[148.98316099958,-9.86791999990796],[148.982660999905,-9.86782299993138],[148.982442999745,-9.86777999974714],[148.982289999884,-9.86768800000119],[148.98186500007,-9.86743199988683],[148.982347999861,-9.86505299989597],[148.981967000277,-9.86492800042681],[148.981601999633,-9.86480800028892],[148.979444999987,-9.86481899989691],[148.976923999743,-9.86329199962603],[148.975645000117,-9.8622930003216],[148.975319000372,-9.86100300018819],[148.974353999937,-9.85949499989431],[148.973872000193,-9.85864300017421],[148.972754999944,-9.85814699978413],[148.969970000115,-9.85830599992186],[148.968876000027,-9.85839200029053],[148.967981000123,-9.85846199992131],[148.966070000131,-9.85840099980619],[148.964633000413,-9.85761999976308],[148.963569999956,-9.85667200011267],[148.963352999841,-9.85647900020563],[148.963164000119,-9.85623199960702],[148.962149000077,-9.85490699965824],[148.961183999642,-9.85311799989569],[148.959414999902,-9.85011299981501],[148.959471999833,-9.84717600017222],[148.95990399997,-9.84559600015517],[148.959647999855,-9.84449399969827],[148.958339999791,-9.84330000039466],[148.956734000374,-9.8419470000539],[148.956474999222,-9.84124400001048],[148.955886999985,-9.83964800015503],[148.954409000175,-9.83801100020742],[148.952803999905,-9.83579499963946],[148.95160000014,-9.83407899964606],[148.951170000096,-9.83292500038841],[148.951795000139,-9.83154899988626],[148.95316899965,-9.83012199973035],[148.953598999694,-9.82951599966362],[148.954574999737,-9.8276330000628],[148.954592999667,-9.82739699997154],[148.954733999874,-9.82559100032439],[148.955201999873,-9.82348899961761],[148.955315999734,-9.82292499968889],[148.955457999987,-9.82222699987602],[148.955190000218,-9.82133800024844],[148.954818000151,-9.8201050000456],[148.954018000131,-9.81933799974871],[148.953089999604,-9.81822100039874],[148.952469999791,-9.81689899968905],[148.952258999953,-9.81644899962152],[148.952158999838,-9.81624600015266],[148.951326000095,-9.81455599955967],[148.951154000257,-9.81233200042147],[148.951101999658,-9.80946200027097],[148.950637999844,-9.80685999988896],[148.950739000005,-9.80484499959697],[148.950259000353,-9.80345600029414],[148.950246999799,-9.80273999965118],[148.950242999615,-9.80248200034403],[148.950899000189,-9.80165199983981],[148.951003999635,-9.80020100037575],[148.950906999659,-9.79864200042795],[148.950901000281,-9.79854899973646],[148.950436999568,-9.79653799962893],[148.950585000098,-9.79507000028021],[148.95069099959,-9.79402199961555],[148.950500999821,-9.79259400031281],[148.950355000283,-9.79150000022481],[148.949764061163,-9.78963219287136],[148.949764000009,-9.78963200041642],[148.949858999893,-9.78837099982166],[148.949998985665,-9.78756284564873],[148.950074999961,-9.78712499991878],[148.950074939707,-9.78712434521226],[148.950062511975,-9.78698846664429],[148.9500000001,-9.78631000010632],[148.950710999613,-9.78458899988238],[148.950982000419,-9.78290200032694],[148.950958000212,-9.78200600037645],[148.950946999704,-9.78158699993998],[148.95106499975,-9.78119699994154],[148.951677000094,-9.77916499976488],[148.952384000321,-9.77758199960949],[148.953166999557,-9.77549599964061],[148.953953999877,-9.77391200033845],[148.955535999987,-9.77225200022957],[148.958572999744,-9.77126599972603],[148.958560000044,-9.76785899999282],[148.958173000184,-9.76631900002173],[148.958384000022,-9.76572100032387],[148.959302000087,-9.76311399971127],[148.960405999737,-9.7615280003169],[148.961353000241,-9.76015900013773],[148.961469000194,-9.76000100004604],[148.9621429998,-9.75907799974983],[148.962452999706,-9.75839599977548],[148.96278199959,-9.75767299970915],[148.96312400367,-9.75668200077365],[148.963241000072,-9.75634300042901],[148.963337000003,-9.75584800008511],[148.96339499998,-9.75555299997092],[148.963710000117,-9.75490499976587],[148.964419000437,-9.75368099997815],[148.965448000225,-9.75281300041956],[148.966081999784,-9.75237900019068],[148.96758699994,-9.75129399961834],[148.969176000372,-9.75085400001201],[148.971164000318,-9.75055499971342],[148.971214999972,-9.75049000031317],[148.972538999875,-9.74880199981239],[148.977003999835,-9.74694300041905],[148.978310999853,-9.7448469999889],[148.97743399988,-9.74069199993573],[148.977311999649,-9.73959000037809],[148.97656899956,-9.73446999989051],[148.977930761096,-9.73183086650125],[148.97816100013,-9.73148799997114],[148.978583999852,-9.72847699961374],[148.979084000426,-9.7268890001272],[148.979027999643,-9.72666699978202],[148.979058000127,-9.72428100036786],[148.977675000201,-9.72058800003607],[148.977507999694,-9.71955500006312],[148.977859999739,-9.71626799956842],[148.976696000021,-9.71435100019843],[148.976204999861,-9.71354199976332],[148.976615999929,-9.71246000022871],[148.976667999628,-9.71241599999831],[148.978156999946,-9.71116699995698],[148.979493000402,-9.70971500044687],[148.980386000214,-9.70874499978179],[148.981442000348,-9.70729300027166],[148.983417999741,-9.70528600034852],[148.985032000427,-9.70472799979725],[148.986089999754,-9.70380400035424],[148.986921000304,-9.70368600030862],[148.988817999651,-9.70397700023829],[148.990428000152,-9.70263699959776],[148.991627999733,-9.70230999980651],[148.993774999817,-9.70195699971567],[148.998446000283,-9.69816900039889],[149.003096999827,-9.69546499980975],[149.005366000141,-9.69372399956286],[149.007321000364,-9.69266200005114],[149.008623000151,-9.69174399998558],[149.010083000031,-9.69084699998899],[149.012285999999,-9.69052100024385],[149.013971000362,-9.68984399960084],[149.014734999621,-9.69014600003783],[149.016060999616,-9.69034900040599],[149.02145200001,-9.68658600044353],[149.023361999956,-9.6858160000083],[149.024846000043,-9.68637599975244],[149.025273999995,-9.68753600018614],[149.02561300034,-9.69019999983004],[149.026582000059,-9.69242900009823],[149.027414999803,-9.69423299965314],[149.028540000421,-9.69513499988024],[149.031259999949,-9.69616899989938],[149.031642999625,-9.69697100001155],[149.031216999765,-9.6980910003993],[149.03094799995,-9.69879899977394],[149.030950000043,-9.70077199992773],[149.03178199974,-9.70185799964691],[149.033312000149,-9.70297900008075],[149.035112000419,-9.70584400000053],[149.035653000186,-9.70731600043302],[149.036463999814,-9.70905399964226],[149.037363999949,-9.70984700023885],[149.039500999571,-9.71178799981624],[149.04177400007,-9.7150279999422],[149.041910000047,-9.7164160000982],[149.041237999634,-9.71853599983644],[149.041352000395,-9.72023900012966],[149.041403866995,-9.72024328989579],[149.04069099959,-9.72179299984704],[149.044829999805,-9.72205600028411],[149.047440999702,-9.7197429997396],[149.049414999903,-9.71736299970253],[149.050917999966,-9.71614900037594],[149.052430000444,-9.71570200044686],[149.055343999926,-9.7150720001726],[149.440590000428,-9.60002399980772],[149.440882999551,-9.59918399974176],[149.440770999782,-9.59854700004394],[149.440836000081,-9.59836099956039],[149.440823000381,-9.59824399956086],[149.440822976999,-9.59824379271669],[149.3773991,-9.5489477],[149.2077849,-9.4584671],[149.1896941,-9.331455],[149.245242,-9.2222835],[149.3194102,-9.103666],[149.3105737,-9.0500652],[149.2785725,-9.0045309],[149.2075119,-9.0100986],[149.1003681,-9.0012721],[148.9872614,-9.0482301]]]},"properties":{"FID":91,"District":"IJIVITARI","Province":"ORO"},"id":91},{"type":"Feature","geometry":{"type":"Polygon","coordinates":[[[147.207754,-9.3650699999999],[147.207449,-9.36513299999997],[147.207193,-9.36504999999995],[147.207105,-9.36507999999991],[147.2069,-9.36531699999991],[147.206817,-9.36537799999996],[147.206591,-9.36542699999996],[147.206512851,-9.36545010899989],[147.204535117,-9.36874079899997],[147.203880765,-9.37088231399997],[147.20279811,-9.37275018999999],[147.201275255,-9.37424925099998],[147.201763044,-9.37843710299995],[147.200085525,-9.38500441499991],[147.200156908,-9.3856825609999],[147.212363543,-9.38558738299993],[147.212744258,-9.40821605699996],[147.216277757,-9.41392676399995],[147.218157532,-9.41587792199993],[147.217312823,-9.41762682499996],[147.213624658,-9.42330183999991],[147.213017895,-9.42392049999996],[147.211423656,-9.42493177099993],[147.20800913,-9.42783471299998],[147.205106188,-9.43135631599994],[147.205034803,-9.43227240799996],[147.19278058,-9.43264122499995],[147.192328482,-9.43271260799998],[147.192007255,-9.43273640299993],[147.191686028,-9.43280778599995],[147.191364801,-9.43286727299989],[147.191079265,-9.4329743489999],[147.190769935,-9.43309332199988],[147.190424913,-9.43322419199996],[147.190127481,-9.43335506199992],[147.18986574,-9.43353352199995],[147.189627793,-9.43371198199998],[147.189413642,-9.43389044099991],[147.189294669,-9.43402131199992],[147.189211388,-9.43416407899992],[147.189116209,-9.43431874399994],[147.189032929,-9.43450910099996],[147.189009133,-9.44209958199997],[147.18893775,-9.44227804099989],[147.188854469,-9.44236132199995],[147.188652215,-9.44248029499995],[147.186867619,-9.44253978199987],[147.182275259,-9.44401504799992],[147.183667244,-9.44725111499998],[147.18844996,-9.45421103899992],[147.190329735,-9.45626927199987],[147.192019152,-9.4588509869999],[147.195088657,-9.46268191899997],[147.193898926,-9.46397872499993],[147.193779953,-9.46418097999999],[147.193672877,-9.46438323399997],[147.192744888,-9.46609644599993],[147.19260212,-9.46628680299989],[147.191293416,-9.46717910099989],[147.189651588,-9.46828554999997],[147.188438063,-9.46916595099999],[147.186736748,-9.4704865519999],[147.186087751,-9.47088471499991],[147.185859322,-9.47114883499989],[147.185673724,-9.47140581699995],[147.185545234,-9.4716627979999],[147.185438158,-9.47191977999994],[147.18533822,-9.47229097699996],[147.185309667,-9.47260506499987],[147.185345358,-9.47281921699994],[147.185373912,-9.47297626099994],[147.185273975,-9.47309047499989],[147.185152622,-9.47311902799994],[147.184738596,-9.47284063099994],[147.182866833,-9.47466940599998],[147.1829101,-9.47575138699989],[147.183186117,-9.47691256399999],[147.182281921,-9.4784449369999],[147.184699454,-9.47751218799995],[147.185032579,-9.47815940099998],[147.184927882,-9.47845445399997],[147.186279416,-9.47969177399995],[147.189453617,-9.48332996999988],[147.19076708,-9.48258043899995],[147.192473153,-9.48258043899995],[147.192615921,-9.48234487299993],[147.192858626,-9.48164531199996],[147.197312977,-9.48139546799997],[147.197748418,-9.48180235599995],[147.197934016,-9.48180949499994],[147.198719239,-9.48208789099988],[147.202074278,-9.47971794899997],[147.202688179,-9.47976077899989],[147.202966577,-9.47979646999988],[147.203466263,-9.47775489299994],[147.205650609,-9.47825457999995],[147.206749919,-9.47862577599995],[147.207606525,-9.47754074099987],[147.208648729,-9.47634863099989],[147.209369705,-9.47592746699998],[147.209512474,-9.47602026499994],[147.210861628,-9.47533498099989],[147.21071886,-9.4738002289999],[147.21036908,-9.47272233299998],[147.210997257,-9.47211556999999],[147.210404771,-9.4712518259999],[147.211789617,-9.4695029219999],[147.211525497,-9.46874625399989],[147.211047226,-9.46801099999992],[147.211004395,-9.46779684799998],[147.210133513,-9.46671181499989],[147.209869392,-9.46598369899993],[147.210040714,-9.46559822599996],[147.208805774,-9.46363517099997],[147.208041966,-9.46269290399989],[147.211996631,-9.45938069499994],[147.217421802,-9.45475264399989],[147.219753673,-9.45000561899996],[147.222014162,-9.4534915289999],[147.225738018,-9.45125483599992],[147.231869889,-9.45126197399998],[147.291064,-9.45058099999993],[147.289865,-9.44878599999993],[147.288782,-9.44602399999996],[147.286662,-9.44227199999995],[147.285903,-9.43996999999997],[147.285055,-9.43559699999998],[147.28432,-9.43318099999994],[147.283144,-9.4315459999999],[147.281923,-9.42922099999992],[147.281164,-9.42694199999994],[147.280706,-9.42434199999992],[147.280871,-9.42273099999995],[147.281361,-9.41983199999987],[147.282013,-9.4173019999999],[147.28345,-9.4152089999999],[147.284077,-9.41352999999999],[147.284241,-9.41230999999994],[147.283987404,-9.41129561499998],[147.283942,-9.41111399999994],[147.283137,-9.40922599999994],[147.283116,-9.40784599999989],[147.283395,-9.40657999999996],[147.284092,-9.40480899999993],[147.284996,-9.40356699999996],[147.285252,-9.40214199999991],[147.270833,-9.40750699999989],[147.27081,-9.3921499999999],[147.270211,-9.39215899999994],[147.2698,-9.39213899999988],[147.269369,-9.39207199999992],[147.269218,-9.39200999999997],[147.269144,-9.39193699999992],[147.268584,-9.39101299999988],[147.268494,-9.39088299999998],[147.268406,-9.39078799999994],[147.267977,-9.39042699999988],[147.267588,-9.39016599999997],[147.26718,-9.38995999999998],[147.267021,-9.38990499999996],[147.26688,-9.38989299999991],[147.266831,-9.38992899999988],[147.266662,-9.39016399999996],[147.266552,-9.39021099999997],[147.266573,-9.39041599999997],[147.266757,-9.39153299999998],[147.266726,-9.39174599999996],[147.26666,-9.39181999999995],[147.266498,-9.39189999999991],[147.266289,-9.39193299999988],[147.265188,-9.39191599999999],[147.264252,-9.39196099999999],[147.263947,-9.39198899999997],[147.263854,-9.39202799999993],[147.263703,-9.39220699999994],[147.26341,-9.39244099999991],[147.26337,-9.39258499999996],[147.263371,-9.39273199999991],[147.263403,-9.39286999999996],[147.263475,-9.39296299999996],[147.263585,-9.39302699999996],[147.264359,-9.39337399999994],[147.264426,-9.39347199999993],[147.264465,-9.3935949999999],[147.26448,-9.3937259999999],[147.264471,-9.39392299999997],[147.264395,-9.3945619999999],[147.26436,-9.39468199999988],[147.264275,-9.39484299999998],[147.264211,-9.39500899999991],[147.263845,-9.39538399999998],[147.263525,-9.39564199999991],[147.26326,-9.39576199999987],[147.263072,-9.39572699999991],[147.263003,-9.39567999999992],[147.262906,-9.39559199999998],[147.262851,-9.39551099999988],[147.262799,-9.39538599999998],[147.262755,-9.39520899999996],[147.262681,-9.39443699999994],[147.262577,-9.39394999999997],[147.262576,-9.39374099999998],[147.262479,-9.39358899999997],[147.262333,-9.39348799999994],[147.262252,-9.39330299999989],[147.262155,-9.39317899999998],[147.262074,-9.39304099999994],[147.261518,-9.39252599999993],[147.261332,-9.39239099999993],[147.261213,-9.39232799999996],[147.261096,-9.39229099999994],[147.260864,-9.39230699999991],[147.260762,-9.392367],[147.26064,-9.39238499999988],[147.260492,-9.39253299999995],[147.260067,-9.39281499999994],[147.259912,-9.392885],[147.259696,-9.3929379999999],[147.259447,-9.39296699999988],[147.259323,-9.39294599999995],[147.2592,-9.39281799999992],[147.259104,-9.39266599999997],[147.259083,-9.39256399999995],[147.259135,-9.39231999999993],[147.259255,-9.39217999999989],[147.259331,-9.39205199999997],[147.2594,-9.39188899999989],[147.259444,-9.39171499999999],[147.259459,-9.39154099999996],[147.259452,-9.39128699999998],[147.259427,-9.39105199999989],[147.259378,-9.39085199999988],[147.259334,-9.39074799999998],[147.259255,-9.39064999999995],[147.258984,-9.39049499999994],[147.258554,-9.39019699999995],[147.25839,-9.3900569999999],[147.258222,-9.38986699999998],[147.258018,-9.38957799999997],[147.257911,-9.38937599999998],[147.257783,-9.38887799999998],[147.257787,-9.38861499999997],[147.25791,-9.38784199999999],[147.257962,-9.38770199999994],[147.258138,-9.38747599999989],[147.258271,-9.38684499999989],[147.258302,-9.38658199999998],[147.258306,-9.38635499999993],[147.258254,-9.38612299999994],[147.258169,-9.38607399999995],[147.257936,-9.3860099999999],[147.257761,-9.38597299999997],[147.257613,-9.38601499999987],[147.257533,-9.38612999999998],[147.257369,-9.38621099999996],[147.257296,-9.38636299999996],[147.257109,-9.38649599999996],[147.256772,-9.38678299999993],[147.256657,-9.38683999999995],[147.256523,-9.38687899999998],[147.256036,-9.38695799999994],[147.255886,-9.38695899999994],[147.255763,-9.38694299999992],[147.255495,-9.38680999999991],[147.255164,-9.38631999999995],[147.254885,-9.38602899999995],[147.254552,-9.38571299999996],[147.254226,-9.38546399999997],[147.253959,-9.3853059999999],[147.253692,-9.38519199999991],[147.253185,-9.38501199999996],[147.253014,-9.38498899999997],[147.252312,-9.38498099999993],[147.251999,-9.38491199999993],[147.251815,-9.38482499999991],[147.251653,-9.38471499999998],[147.251464,-9.38455599999999],[147.25138,-9.38446499999998],[147.251313,-9.38429899999994],[147.251273,-9.38396599999988],[147.251181,-9.38341299999996],[147.251174,-9.38306199999988],[147.251262,-9.38189399999987],[147.251268,-9.38154399999998],[147.251216,-9.38107699999993],[147.251044,-9.38032799999996],[147.250884,-9.38022499999989],[147.250798,-9.38009699999998],[147.250715,-9.38002199999987],[147.250546,-9.3799289999999],[147.249792,-9.37957299999994],[147.249616,-9.37944899999991],[147.249278,-9.3791569999999],[147.249181,-9.37910599999993],[147.248982,-9.37901599999998],[147.249003,-9.37886999999995],[147.249178,-9.37827899999991],[147.249473,-9.37750099999994],[147.249573,-9.37714999999993],[147.249626,-9.37679999999996],[147.249638,-9.37648299999989],[147.249631,-9.37622599999999],[147.249585,-9.3761029999999],[147.249459,-9.37594699999994],[147.248885,-9.3753569999999],[147.248803,-9.37530299999998],[147.248678,-9.37527399999988],[147.248357,-9.37525599999998],[147.247971,-9.37534199999993],[147.247378,-9.37566199999993],[147.247175,-9.37574399999994],[147.246969,-9.37579099999994],[147.246763,-9.37580299999996],[147.246458,-9.37577499999992],[147.246137,-9.37570299999993],[147.24595,-9.37561699999992],[147.24533,-9.3751089999999],[147.245104,-9.37494199999991],[147.244929,-9.37464699999998],[147.244785,-9.37430399999988],[147.244713,-9.37406399999991],[147.244631,-9.37370199999992],[147.244608,-9.37352099999988],[147.24461,-9.3733969999999],[147.244648,-9.37330099999996],[147.245004,-9.3729039999999],[147.245568,-9.37272199999995],[147.246635,-9.37230199999994],[147.246971,-9.37220399999996],[147.247007,-9.37213699999995],[147.247063,-9.37190599999992],[147.247098,-9.37166199999996],[147.247083,-9.37154399999998],[147.247046,-9.37146099999995],[147.246853,-9.37122399999987],[147.246675,-9.37111499999992],[147.246362,-9.37100899999996],[147.24585,-9.37092999999989],[147.24534,-9.37090599999993],[147.24488,-9.37092199999996],[147.244363,-9.37100299999997],[147.243849,-9.37115399999993],[147.242717,-9.37155799999989],[147.241894,-9.37189999999988],[147.241483,-9.37209499999994],[147.240974,-9.37238399999995],[147.239637,-9.37343299999999],[147.239308,-9.37373199999991],[147.238959,-9.37414099999989],[147.238594,-9.3746099999999],[147.238374,-9.37491799999997],[147.238287,-9.3750169999999],[147.238243,-9.37518499999987],[147.238281,-9.37542399999996],[147.238347,-9.37556899999992],[147.238434,-9.37568499999998],[147.238734,-9.37597699999998],[147.239436,-9.37651799999997],[147.239628,-9.37670699999996],[147.239687,-9.37682899999993],[147.239734,-9.37704799999996],[147.239738,-9.37714499999987],[147.239674,-9.37741099999994],[147.239578,-9.37748399999993],[147.239424,-9.37756399999989],[147.239152,-9.37767599999995],[147.238784,-9.37779399999993],[147.238078,-9.37797099999989],[147.237892,-9.37803899999994],[147.237676,-9.37817499999993],[147.237484,-9.37836299999991],[147.23744,-9.3790529999999],[147.237441,-9.37998999999991],[147.237493,-9.38023599999992],[147.237726,-9.38061699999992],[147.237787,-9.38077099999992],[147.237815,-9.38091699999996],[147.237815,-9.38104099999993],[147.237751,-9.38121899999987],[147.237688,-9.38128799999992],[147.237595,-9.3813479999999],[147.237373,-9.3814359999999],[147.236382,-9.38172499999991],[147.236194,-9.38175799999988],[147.236027,-9.38174899999996],[147.235882,-9.38169599999993],[147.23495,-9.3811459999999],[147.234694,-9.38102699999991],[147.234466,-9.38096599999993],[147.234345,-9.38095299999999],[147.234227,-9.38095799999997],[147.234118,-9.3809849999999],[147.234022,-9.38103699999993],[147.233941,-9.38111099999993],[147.233874,-9.38119699999994],[147.233821,-9.381289],[147.233754,-9.38146399999994],[147.23373,-9.38161199999991],[147.233715,-9.38235499999991],[147.233684,-9.38252999999992],[147.233619,-9.38271899999996],[147.233565,-9.38280699999991],[147.233494,-9.38288299999989],[147.233404,-9.38294499999996],[147.23319,-9.38302399999991],[147.232975,-9.38305099999997],[147.232801,-9.38303599999996],[147.231967,-9.38274599999994],[147.23159,-9.38267399999995],[147.230719,-9.38254699999993],[147.230553,-9.38250099999996],[147.230424,-9.38243499999987],[147.230362,-9.38234299999988],[147.230426,-9.38216599999993],[147.230609,-9.38198999999992],[147.230902,-9.38178999999997],[147.231036,-9.38167999999998],[147.231172,-9.38151799999992],[147.2312,-9.38142399999998],[147.231183,-9.38132599999994],[147.231131,-9.38120099999993],[147.231026,-9.38099899999998],[147.230967,-9.38091899999995],[147.230696,-9.38078499999995],[147.230571,-9.38074399999994],[147.230274,-9.38075799999996],[147.230111,-9.38069499999995],[147.229491,-9.38057099999993],[147.228847,-9.38038399999988],[147.228559,-9.38034099999987],[147.228355,-9.38035799999989],[147.228251,-9.38038199999995],[147.22805,-9.38045999999998],[147.227868,-9.38057499999997],[147.227483,-9.38087299999995],[147.227338,-9.38094799999995],[147.227103,-9.38097999999992],[147.226918,-9.38094699999994],[147.226027,-9.38063399999987],[147.225755,-9.38056199999988],[147.225518,-9.38051999999988],[147.225263,-9.38051799999989],[147.224417,-9.38065799999993],[147.224035,-9.38069599999995],[147.223625,-9.38071299999997],[147.22314,-9.38069299999989],[147.222435,-9.38063999999997],[147.221941,-9.38056999999993],[147.221731,-9.38050599999997],[147.221473,-9.38034799999997],[147.220929,-9.37988899999989],[147.220727,-9.37970099999997],[147.220658,-9.37958799999995],[147.220646,-9.3794309999999],[147.220689,-9.37925499999994],[147.220694,-9.37912499999993],[147.2206,-9.37850599999997],[147.220589,-9.37829499999999],[147.220645,-9.37795099999993],[147.220684,-9.3778129999999],[147.220932,-9.37733699999995],[147.221332,-9.3765709999999],[147.221465,-9.37621699999994],[147.221478,-9.37605199999996],[147.221464,-9.37595499999999],[147.221262,-9.37562099999998],[147.220949,-9.37555599999997],[147.22072,-9.37555599999997],[147.220538,-9.3756049999999],[147.220245,-9.37571299999997],[147.219984,-9.37568399999998],[147.219638,-9.37562299999997],[147.219144,-9.37550399999999],[147.218971,-9.37543899999991],[147.21889,-9.37537299999996],[147.218733,-9.37517699999995],[147.218517,-9.37504999999993],[147.218425,-9.37495899999994],[147.218241,-9.37460299999998],[147.217933,-9.3743179999999],[147.217831,-9.37417199999993],[147.217758,-9.37397599999997],[147.21756,-9.37375999999995],[147.217463,-9.37369499999988],[147.217339,-9.37369899999995],[147.216716,-9.37385799999988],[147.216297,-9.37393199999998],[147.21612,-9.3739389999999],[147.215981,-9.37392699999998],[147.215881,-9.37389499999989],[147.215792,-9.37383599999993],[147.215492,-9.37356499999987],[147.215377,-9.37343399999998],[147.215136,-9.3729029999999],[147.214998,-9.37267999999995],[147.214602,-9.3723199999999],[147.214506,-9.37227599999989],[147.214261,-9.37223699999993],[147.214142,-9.37215699999991],[147.214041,-9.37206699999991],[147.213816,-9.37180499999987],[147.213369,-9.37119299999991],[147.212861,-9.37061399999994],[147.212761,-9.37046899999996],[147.212658,-9.37041799999998],[147.212021,-9.37022399999996],[147.211785,-9.37013899999988],[147.211419,-9.36999099999992],[147.211338,-9.36992699999997],[147.211271,-9.36979499999996],[147.211126,-9.36934299999995],[147.211026,-9.36908499999992],[147.210832,-9.36869199999989],[147.210599,-9.36831299999988],[147.210307,-9.36791199999993],[147.210065,-9.36770099999991],[147.209929,-9.36753499999994],[147.209747,-9.36741699999994],[147.209721,-9.36728399999993],[147.209765,-9.36700699999995],[147.209709,-9.36687699999993],[147.209437,-9.36638199999993],[147.209213,-9.3659019999999],[147.20898,-9.36573599999992],[147.208833,-9.36559599999988],[147.208155,-9.3652699999999],[147.207754,-9.3650699999999]]]},"properties":{"FID":94,"District":"MORESBY NORTH-EAST","Province":"NATIONAL CAPITAL DISTRICT"},"id":94},{"type":"Feature","geometry":{"type":"Polygon","coordinates":[[[147.291064,-9.45058099999993],[147.248561431413,-9.45106995310107],[147.231869889,-9.45126197399998],[147.225738018,-9.45125483599992],[147.222014162,-9.4534915289999],[147.219753673,-9.45000561899996],[147.217421802,-9.45475264399989],[147.211996631,-9.45938069499994],[147.208041966,-9.46269290399989],[147.208805774,-9.46363517099997],[147.210040714,-9.46559822599996],[147.209869392,-9.46598369899993],[147.210133513,-9.46671181499989],[147.211004395,-9.46779684799998],[147.211047226,-9.46801099999992],[147.211525497,-9.46874625399989],[147.211789617,-9.4695029219999],[147.210404771,-9.4712518259999],[147.210997257,-9.47211556999999],[147.21036908,-9.47272233299998],[147.21071886,-9.4738002289999],[147.210861628,-9.47533498099989],[147.209512474,-9.47602026499994],[147.209369705,-9.47592746699998],[147.208648729,-9.47634863099989],[147.207606525,-9.47754074099987],[147.206749919,-9.47862577599995],[147.205650609,-9.47825457999995],[147.203466263,-9.47775489299994],[147.202966577,-9.47979646999988],[147.202688179,-9.47976077899989],[147.202074278,-9.47971794899997],[147.198719239,-9.48208789099988],[147.197934016,-9.48180949499994],[147.197748418,-9.48180235599995],[147.197312977,-9.48139546799997],[147.192858626,-9.48164531199996],[147.192615921,-9.48234487299993],[147.192473153,-9.48258043899995],[147.19076708,-9.48258043899995],[147.189453617,-9.48332996999988],[147.186279416,-9.47969177399995],[147.184927882,-9.47845445399997],[147.185032579,-9.47815940099998],[147.184699454,-9.47751218799995],[147.182281921,-9.4784449369999],[147.183186117,-9.47691256399999],[147.1829101,-9.47575138699989],[147.182866833,-9.47466940599998],[147.179571279,-9.47324172999988],[147.179202463,-9.47364623799995],[147.174514925,-9.46908956999987],[147.175930704,-9.46750722799988],[147.170921939,-9.46630560099995],[147.169137343,-9.46547278899994],[147.16897078,-9.46522294599988],[147.168804218,-9.4649849999999],[147.168494888,-9.46478274499999],[147.168173661,-9.46460428599995],[147.167852434,-9.46452100499988],[147.16765018,-9.46433064799993],[147.16747172,-9.46410459899987],[147.16747172,-9.46362870699994],[147.167043417,-9.46303384199995],[147.167269466,-9.46264122999997],[147.167483617,-9.46227241399993],[147.167638282,-9.46186790599996],[147.16778105,-9.46149908999996],[147.167923818,-9.46122545099996],[147.168066585,-9.46103509399996],[147.168030894,-9.45958362299995],[147.167923818,-9.45950034199996],[147.167840537,-9.45933377999996],[147.167804845,-9.45909583399999],[147.167757255,-9.45886978499993],[147.167602591,-9.45850096799995],[147.167388439,-9.45826302199993],[147.167055314,-9.45795369199988],[147.166650806,-9.45764436199989],[147.166234401,-9.45738262199991],[147.165806098,-9.45707329199997],[147.165556254,-9.45684724299992],[147.165496768,-9.4565736049999],[147.165532459,-9.45613340499995],[147.165389692,-9.45587166499996],[147.16504467,-9.45545525899996],[147.164544983,-9.45497936599993],[147.164080988,-9.45462244699997],[147.163688377,-9.45438450099988],[147.163402842,-9.45425362999993],[147.163141101,-9.45413465699994],[147.163176793,-9.4539799929999],[147.163212485,-9.45380153299987],[147.163152999,-9.45355168999993],[147.16292695,-9.4535397929999],[147.162700901,-9.45346840899994],[147.162510544,-9.45302820799993],[147.162474852,-9.45276646699995],[147.161725321,-9.45212401299989],[147.1545377,-9.45806199099996],[147.118934269,-9.45829255399998],[147.118587,-9.4585279999999],[147.114091,-9.46292999999997],[147.114118,-9.46325999999994],[147.114069,-9.46383999999995],[147.113886,-9.46494599999988],[147.113344,-9.46675899999997],[147.112615,-9.46814599999989],[147.111958,-9.46903099999992],[147.111164,-9.46985899999988],[147.110364,-9.47068099999995],[147.11008046,-9.47149369299996],[147.109893,-9.4720309999999],[147.109548,-9.47344899999991],[147.10899,-9.47506599999993],[147.108164,-9.47640299999989],[147.107009,-9.47747399999997],[147.10690816,-9.47762592699991],[147.106178,-9.47872599999987],[147.105519,-9.4798459999999],[147.105028,-9.48088199999995],[147.104689,-9.50369099999996],[147.030011,-9.50357299999996],[147.029926,-9.52376099999993],[147.175099,-9.52388599999996],[147.209517,-9.52837599999992],[147.240791,-9.54709299999996],[147.250748,-9.54254399999992],[147.262847,-9.52383199999992],[147.252475154,-9.50476153299996],[147.252475,-9.50476099999993],[147.252423273,-9.50466613999994],[147.25215,-9.50416499999995],[147.252152275,-9.50416786299997],[147.24934,-9.49899699999999],[147.252061,-9.49792199999997],[147.257847,-9.49711599999996],[147.264173,-9.49764599999992],[147.267196,-9.49856999999998],[147.269636,-9.5025169999999],[147.270726,-9.50559299999992],[147.272717,-9.50800099999998],[147.273874,-9.50964399999992],[147.275103,-9.51098699999995],[147.276121,-9.51186799999994],[147.277301,-9.51207899999997],[147.278179,-9.51154899999989],[147.279774,-9.50968099999995],[147.280121,-9.5085489999999],[147.279749,-9.50760099999992],[147.279679,-9.50669899999997],[147.280767,-9.50586999999997],[147.281089,-9.50499199999996],[147.281064,-9.50337599999988],[147.281458,-9.50265999999994],[147.282059,-9.50261499999994],[147.282661,-9.50303299999995],[147.283032,-9.50407299999995],[147.284097,-9.50435299999993],[147.285114,-9.50423999999999],[147.285738,-9.50327099999994],[147.286454,-9.5028099999999],[147.287427,-9.50278899999995],[147.287867,-9.50325199999998],[147.287867,-9.50439399999994],[147.288029,-9.50436199999996],[147.289602,-9.50424999999997],[147.291106943,-9.50428713499998],[147.294141,-9.50436199999996],[147.294042,-9.50280399999991],[147.294782,-9.5014649999999],[147.296463,-9.49757199999994],[147.29695,-9.49681299999992],[147.296835,-9.49614499999992],[147.296235,-9.49573099999992],[147.295127,-9.49455599999987],[147.294413,-9.49305999999991],[147.294582,-9.48848099999992],[147.293915,-9.48677799999998],[147.294311,-9.4847759999999],[147.294316,-9.48208399999994],[147.29446,-9.47906999999992],[147.294072,-9.47626299999996],[147.294216,-9.47287999999997],[147.293941,-9.47161399999994],[147.29332,-9.46958899999992],[147.293344,-9.46885299999996],[147.293808,-9.4680249999999],[147.294988,-9.46742699999992],[147.29499,-9.46613899999993],[147.293471,-9.46238699999998],[147.29281,-9.45704799999993],[147.292007,-9.45332099999991],[147.291064,-9.45058099999993]]]},"properties":{"FID":95,"District":"MORESBY SOUTH","Province":"NATIONAL CAPITAL DISTRICT"},"id":95},{"type":"Feature","geometry":{"type":"Polygon","coordinates":[[[147.205803,-9.36553199999993],[147.205515,-9.36516599999993],[147.205467,-9.36507699999994],[147.205445,-9.36498399999988],[147.205453,-9.36486599999989],[147.205498,-9.36470499999996],[147.205706,-9.36421099999996],[147.205886,-9.36386199999987],[147.206031,-9.36365899999993],[147.206277,-9.36346199999998],[147.206455,-9.3632859999999],[147.20687,-9.36300799999998],[147.207071,-9.36281399999991],[147.207253,-9.36254199999997],[147.207385,-9.36228799999993],[147.207385,-9.36215399999992],[147.207158,-9.36206899999991],[147.206703,-9.36176099999996],[147.205755,-9.36120299999994],[147.205547,-9.36110799999989],[147.205362,-9.36106699999987],[147.205195,-9.36110199999997],[147.20512,-9.36114899999989],[147.204993,-9.36128299999991],[147.204906,-9.36145299999993],[147.204761,-9.36191399999996],[147.204666,-9.36207799999995],[147.204605,-9.36214799999988],[147.204451,-9.36225499999996],[147.204271,-9.36230599999993],[147.204184,-9.36230799999988],[147.204034,-9.36225799999994],[147.203932,-9.36213999999994],[147.203876,-9.36196899999994],[147.203864,-9.36175699999995],[147.203875,-9.36163699999998],[147.20393,-9.36137399999997],[147.204078,-9.36095599999993],[147.204394,-9.36022099999996],[147.204559,-9.35994099999988],[147.204676,-9.3598249999999],[147.204734,-9.35954799999997],[147.204952,-9.35885599999991],[147.205018,-9.35858399999996],[147.205036,-9.35833299999996],[147.204969,-9.3581099999999],[147.20491,-9.35777999999988],[147.204864,-9.35720299999992],[147.204873,-9.35701499999993],[147.204926,-9.35692899999998],[147.205032,-9.35686799999992],[147.205232,-9.35681999999991],[147.20656,-9.35682799999989],[147.20677,-9.35680999999995],[147.207037,-9.35671699999995],[147.207096,-9.35665399999988],[147.207212,-9.35639699999997],[147.207277,-9.35613099999996],[147.207222,-9.35582199999987],[147.207123,-9.35576899999996],[147.206922,-9.35569299999997],[147.206716,-9.35566499999995],[147.206364,-9.3556559999999],[147.206144,-9.3556109999999],[147.205893,-9.35549899999995],[147.205717,-9.35538299999997],[147.205651,-9.35529499999997],[147.205607,-9.35519299999988],[147.20555,-9.35499199999993],[147.205524,-9.35481599999997],[147.205543,-9.35467799999998],[147.20568,-9.35439199999998],[147.205714,-9.35427699999998],[147.205723,-9.35415399999989],[147.205698,-9.35402899999992],[147.205637,-9.35391699999992],[147.205539,-9.35383499999995],[147.2054,-9.3537889999999],[147.205216,-9.35377899999999],[147.204869,-9.35382199999998],[147.204644,-9.35388099999994],[147.20446,-9.35395799999992],[147.204308,-9.35405799999997],[147.204099,-9.35426599999994],[147.203973,-9.35443699999998],[147.203869,-9.3546199999999],[147.203627,-9.35513499999997],[147.20348,-9.35536399999989],[147.203392,-9.35547499999996],[147.203293,-9.35557999999992],[147.20307,-9.35576299999997],[147.202843,-9.3559039999999],[147.202651,-9.35599799999996],[147.202439,-9.35607099999987],[147.201869,-9.35620599999994],[147.201671,-9.35622699999988],[147.200666,-9.35626699999995],[147.200501,-9.35622499999995],[147.200166,-9.35600399999993],[147.199966,-9.35593399999994],[147.199892,-9.35585299999998],[147.199727,-9.35560299999997],[147.198448,-9.35342699999995],[147.198145,-9.35297699999995],[147.197976,-9.35262999999992],[147.197895,-9.35254899999996],[147.197689,-9.35242499999992],[147.197616,-9.35230399999995],[147.19757,-9.35215399999987],[147.197533,-9.35194099999996],[147.185938,-9.35310399999997],[147.162197,-9.35547399999997],[147.150629,-9.3643259999999],[147.125531,-9.38352899999995],[147.09692,-9.39241799999997],[147.09692,-9.41936099999998],[147.094261,-9.41829799999988],[147.092983,-9.41903899999989],[147.092486,-9.41904799999992],[147.088699,-9.41805399999993],[147.086649,-9.41837699999992],[147.084699,-9.41843899999999],[147.080838,-9.41882499999997],[147.079174,-9.41868499999991],[147.078089,-9.41822299999997],[147.076674,-9.41971699999994],[147.075282,-9.42206199999993],[147.074559,-9.42472999999995],[147.075271,-9.42661799999996],[147.074526,-9.42923999999988],[147.074334,-9.43183999999991],[147.074536,-9.43485499999998],[147.074988,-9.43703399999987],[147.075541,-9.43950399999994],[147.076392,-9.4413229999999],[147.077154,-9.44197399999997],[147.078074,-9.44364999999988],[147.078929,-9.44438699999995],[147.079989,-9.44544699999991],[147.081419,-9.44738199999995],[147.083056,-9.44874199999993],[147.085064,-9.45046999999995],[147.086196,-9.45074799999993],[147.086679,-9.45176099999999],[147.087396,-9.45178499999992],[147.088041,-9.45233799999995],[147.090214,-9.45278999999995],[147.091296,-9.4540229999999],[147.093214,-9.45480799999996],[147.095989,-9.45407499999988],[147.096961,-9.45393799999989],[147.098579,-9.45426199999998],[147.100729,-9.45389699999988],[147.101773733,-9.45265399699998],[147.102236,-9.45210399999996],[147.103743,-9.44996599999996],[147.104876,-9.44955399999999],[147.10518799,-9.44919178999993],[147.105188,-9.44919199999987],[147.106777,-9.44734699999997],[147.109112,-9.44723499999998],[147.110309,-9.44962999999996],[147.112198,-9.45241699999991],[147.104699,-9.46658399999996],[147.118587,-9.4585279999999],[147.118934269,-9.45829255399998],[147.1545377,-9.45806199099996],[147.161725321,-9.45212401299989],[147.162474852,-9.45276646699995],[147.162510544,-9.45302820799993],[147.162700901,-9.45346840899994],[147.16292695,-9.4535397929999],[147.163152999,-9.45355168999993],[147.163212485,-9.45380153299987],[147.163176793,-9.4539799929999],[147.163141101,-9.45413465699994],[147.163402842,-9.45425362999993],[147.163688377,-9.45438450099988],[147.164080988,-9.45462244699997],[147.164544983,-9.45497936599993],[147.16504467,-9.45545525899996],[147.165389692,-9.45587166499996],[147.165532459,-9.45613340499995],[147.165496768,-9.4565736049999],[147.165556254,-9.45684724299992],[147.165806098,-9.45707329199997],[147.166234401,-9.45738262199991],[147.166650806,-9.45764436199989],[147.167055314,-9.45795369199988],[147.167388439,-9.45826302199993],[147.167602591,-9.45850096799995],[147.167757255,-9.45886978499993],[147.167804845,-9.45909583399999],[147.167840537,-9.45933377999996],[147.167923818,-9.45950034199996],[147.168030894,-9.45958362299995],[147.168066585,-9.46103509399996],[147.167923818,-9.46122545099996],[147.16778105,-9.46149908999996],[147.167638282,-9.46186790599996],[147.167483617,-9.46227241399993],[147.167269466,-9.46264122999997],[147.167043417,-9.46303384199995],[147.16747172,-9.46362870699994],[147.16747172,-9.46410459899987],[147.16765018,-9.46433064799993],[147.167852434,-9.46452100499988],[147.168173661,-9.46460428599995],[147.168494888,-9.46478274499999],[147.168804218,-9.4649849999999],[147.16897078,-9.46522294599988],[147.169137343,-9.46547278899994],[147.170921939,-9.46630560099995],[147.175930704,-9.46750722799988],[147.174514925,-9.46908956999987],[147.179202463,-9.47364623799995],[147.179571279,-9.47324172999988],[147.182866833,-9.47466940599998],[147.184738596,-9.47284063099994],[147.185152622,-9.47311902799994],[147.185273975,-9.47309047499989],[147.185373912,-9.47297626099994],[147.185345358,-9.47281921699994],[147.185309667,-9.47260506499987],[147.18533822,-9.47229097699996],[147.185438158,-9.47191977999994],[147.185545234,-9.4716627979999],[147.185673724,-9.47140581699995],[147.185859322,-9.47114883499989],[147.186087751,-9.47088471499991],[147.186736748,-9.4704865519999],[147.188438063,-9.46916595099999],[147.189651588,-9.46828554999997],[147.191293416,-9.46717910099989],[147.19260212,-9.46628680299989],[147.192744888,-9.46609644599993],[147.193672877,-9.46438323399997],[147.193779953,-9.46418097999999],[147.193898926,-9.46397872499993],[147.195088657,-9.46268191899997],[147.192019152,-9.4588509869999],[147.190329735,-9.45626927199987],[147.18844996,-9.45421103899992],[147.183667244,-9.44725111499998],[147.182275259,-9.44401504799992],[147.186867619,-9.44253978199987],[147.188652215,-9.44248029499995],[147.188854469,-9.44236132199995],[147.18893775,-9.44227804099989],[147.189009133,-9.44209958199997],[147.189032929,-9.43450910099996],[147.189116209,-9.43431874399994],[147.189211388,-9.43416407899992],[147.189294669,-9.43402131199992],[147.189413642,-9.43389044099991],[147.189627793,-9.43371198199998],[147.18986574,-9.43353352199995],[147.190127481,-9.43335506199992],[147.190424913,-9.43322419199996],[147.190769935,-9.43309332199988],[147.191079265,-9.4329743489999],[147.191364801,-9.43286727299989],[147.191686028,-9.43280778599995],[147.192007255,-9.43273640299993],[147.192328482,-9.43271260799998],[147.19278058,-9.43264122499995],[147.205034803,-9.43227240799996],[147.205106188,-9.43135631599994],[147.20800913,-9.42783471299998],[147.211423656,-9.42493177099993],[147.213017895,-9.42392049999996],[147.213624658,-9.42330183999991],[147.217312823,-9.41762682499996],[147.218157532,-9.41587792199993],[147.216277757,-9.41392676399995],[147.212744258,-9.40821605699996],[147.212363543,-9.38558738299993],[147.200156908,-9.3856825609999],[147.200085525,-9.38500441499991],[147.201763044,-9.37843710299995],[147.201275255,-9.37424925099998],[147.20279811,-9.37275018999999],[147.203880765,-9.37088231399997],[147.204535117,-9.36874079899997],[147.206512851,-9.36545010899989],[147.206033,-9.36559199999994],[147.205892,-9.36558899999995],[147.205803,-9.36553199999993]]]},"properties":{"FID":96,"District":"MORESBY NORTH-WEST","Province":"NATIONAL CAPITAL DISTRICT"},"id":96}]}